2025-12-06 16:34:09,190 | INFO | === KHU 규정집 자동 다운로드 시작 ===
2025-12-06 16:34:13,341 | INFO | 접속 중: https://rule.khu.ac.kr/lmxsrv/law/lawListManager.do?SEQ=2&LAWGROUP=1&PAGE=1
2025-12-06 16:34:16,101 | INFO | fileDown 함수 로딩 대기...
2025-12-06 16:34:16,113 | INFO | fileDown 함수 확인 완료.
2025-12-06 16:34:16,162 | INFO | [시도] 1290/3000
2025-12-06 16:34:18,024 | INFO | [시도] 1291/3000
2025-12-06 16:34:19,878 | INFO | [시도] 1292/3000
2025-12-06 16:34:21,736 | INFO | [시도] 1293/3000
2025-12-06 16:34:23,588 | INFO | [시도] 1294/3000
2025-12-06 16:34:25,442 | INFO | [시도] 1295/3000
2025-12-06 16:34:27,305 | INFO | [시도] 1296/3000
2025-12-06 16:34:29,149 | INFO | [시도] 1297/3000
2025-12-06 16:34:31,019 | INFO | [시도] 1298/3000
2025-12-06 16:34:32,875 | INFO | [시도] 1299/3000
2025-12-06 16:34:34,854 | INFO | [시도] 1300/3000
2025-12-06 16:34:36,028 | ERROR | [에러] 1300년 다운로드 중 WebDriverException: Message: invalid session id: session deleted as the browser has closed the connection
from disconnected: not connected to DevTools
  (Session info: chrome=142.0.7444.176); For documentation on this error, please visit: https://www.selenium.dev/documentation/webdriver/troubleshooting/errors#invalidsessionidexception
Stacktrace:
Symbols not available. Dumping unresolved backtrace:
	0x7ff7af93a235
	0x7ff7af692630
	0x7ff7af4216dd
	0x7ff7af40d205
	0x7ff7af432a8a
	0x7ff7af4aa476
	0x7ff7af449df6
	0x7ff7af46b0ed
	0x7ff7af46bf63
	0x7ff7af965d60
	0x7ff7af95fe8a
	0x7ff7af981005
	0x7ff7af6ad71e
	0x7ff7af6b4e1f
	0x7ff7af69b7c4
	0x7ff7af69b97f
	0x7ff7af6818e8
	0x7ffd50eb259d
	0x7ffd51e2af78

2025-12-06 16:34:36,335 | ERROR | [에러] 1301년 다운로드 중 WebDriverException: Message: invalid session id; For documentation on this error, please visit: https://www.selenium.dev/documentation/webdriver/troubleshooting/errors#invalidsessionidexception
Stacktrace:
Symbols not available. Dumping unresolved backtrace:
	0x7ff7af93a235
	0x7ff7af692630
	0x7ff7af4214e5
	0x7ff7af46a151
	0x7ff7af4a2a12
	0x7ff7af49d27c
	0x7ff7af49c46a
	0x7ff7af3eacb5
	0x7ff7af965d60
	0x7ff7af95fe8a
	0x7ff7af981005
	0x7ff7af6ad71e
	0x7ff7af6b4e1f
	0x7ff7af3e977b
	0x7ff7afab45f8
	0x7ffd50eb259d
	0x7ffd51e2af78

2025-12-06 16:34:36,637 | ERROR | [에러] 1302년 다운로드 중 WebDriverException: Message: invalid session id; For documentation on this error, please visit: https://www.selenium.dev/documentation/webdriver/troubleshooting/errors#invalidsessionidexception
Stacktrace:
Symbols not available. Dumping unresolved backtrace:
	0x7ff7af93a235
	0x7ff7af692630
	0x7ff7af4214e5
	0x7ff7af46a151
	0x7ff7af4a2a12
	0x7ff7af49d27c
	0x7ff7af49c46a
	0x7ff7af3eacb5
	0x7ff7af965d60
	0x7ff7af95fe8a
	0x7ff7af981005
	0x7ff7af6ad71e
	0x7ff7af6b4e1f
	0x7ff7af3e977b
	0x7ff7afab45f8
	0x7ffd50eb259d
	0x7ffd51e2af78

2025-12-06 16:34:36,939 | ERROR | [에러] 1303년 다운로드 중 WebDriverException: Message: invalid session id; For documentation on this error, please visit: https://www.selenium.dev/documentation/webdriver/troubleshooting/errors#invalidsessionidexception
Stacktrace:
Symbols not available. Dumping unresolved backtrace:
	0x7ff7af93a235
	0x7ff7af692630
	0x7ff7af4214e5
	0x7ff7af46a151
	0x7ff7af4a2a12
	0x7ff7af49d27c
	0x7ff7af49c46a
	0x7ff7af3eacb5
	0x7ff7af965d60
	0x7ff7af95fe8a
	0x7ff7af981005
	0x7ff7af6ad71e
	0x7ff7af6b4e1f
	0x7ff7af3e977b
	0x7ff7afab45f8
	0x7ffd50eb259d
	0x7ffd51e2af78

2025-12-06 16:34:37,255 | ERROR | [에러] 1304년 다운로드 중 WebDriverException: Message: invalid session id; For documentation on this error, please visit: https://www.selenium.dev/documentation/webdriver/troubleshooting/errors#invalidsessionidexception
Stacktrace:
Symbols not available. Dumping unresolved backtrace:
	0x7ff7af93a235
	0x7ff7af692630
	0x7ff7af4214e5
	0x7ff7af46a151
	0x7ff7af4a2a12
	0x7ff7af49d27c
	0x7ff7af49c46a
	0x7ff7af3eacb5
	0x7ff7af965d60
	0x7ff7af95fe8a
	0x7ff7af981005
	0x7ff7af6ad71e
	0x7ff7af6b4e1f
	0x7ff7af3e977b
	0x7ff7afab45f8
	0x7ffd50eb259d
	0x7ffd51e2af78

2025-12-06 16:36:10,575 | INFO | === KHU 규정집 자동 다운로드 시작 ===
2025-12-06 16:36:12,182 | INFO | 접속 중: https://rule.khu.ac.kr/lmxsrv/law/lawListManager.do?SEQ=2&LAWGROUP=1&PAGE=1
2025-12-06 16:36:14,933 | INFO | fileDown 함수 로딩 대기...
2025-12-06 16:36:14,941 | INFO | fileDown 함수 확인 완료.
2025-12-06 16:36:14,989 | INFO | [시도] 1290/3000
2025-12-06 16:36:16,859 | INFO | [시도] 1291/3000
2025-12-06 16:36:18,726 | INFO | [시도] 1292/3000
2025-12-06 16:36:20,582 | INFO | [시도] 1293/3000
2025-12-06 16:36:22,434 | INFO | [시도] 1294/3000
2025-12-06 16:36:24,293 | INFO | [시도] 1295/3000
2025-12-06 16:36:26,162 | INFO | [시도] 1296/3000
2025-12-06 16:36:28,030 | INFO | [시도] 1297/3000
2025-12-06 16:36:29,893 | INFO | [시도] 1298/3000
2025-12-06 16:36:31,753 | INFO | [시도] 1299/3000
2025-12-06 16:36:33,625 | INFO | [시도] 1300/3000
2025-12-06 16:36:35,476 | INFO | [시도] 1301/3000
2025-12-06 16:36:37,316 | INFO | [시도] 1302/3000
2025-12-06 16:36:39,155 | INFO | [시도] 1303/3000
2025-12-06 16:36:41,011 | INFO | [시도] 1304/3000
2025-12-06 16:36:42,866 | INFO | [시도] 1305/3000
2025-12-06 16:36:44,707 | INFO | [시도] 1306/3000
2025-12-06 16:36:46,563 | INFO | [시도] 1307/3000
2025-12-06 16:36:48,415 | INFO | [시도] 1308/3000
2025-12-06 16:36:50,256 | INFO | [시도] 1309/3000
2025-12-06 16:36:52,111 | INFO | [시도] 1310/3000
2025-12-06 16:36:53,963 | INFO | [시도] 1311/3000
2025-12-06 16:37:13,582 | INFO | === KHU 규정집 자동 다운로드 시작 ===
2025-12-06 16:37:15,177 | INFO | 접속 중: https://rule.khu.ac.kr/lmxsrv/law/lawListManager.do?SEQ=2&LAWGROUP=1&PAGE=1
2025-12-06 16:37:18,048 | INFO | fileDown 함수 로딩 대기...
2025-12-06 16:37:18,058 | INFO | fileDown 함수 확인 완료.
2025-12-06 16:37:18,094 | INFO | [시도] 0/3000
2025-12-06 16:37:18,609 | WARNING | [ALERT] '파일을 찾을 수 없습니다.' -> 자동확인
2025-12-06 16:37:18,928 | INFO | [시도] 1/3000
2025-12-06 16:37:20,780 | INFO | [시도] 2/3000
2025-12-06 16:37:22,639 | INFO | [시도] 3/3000
2025-12-06 16:37:24,501 | INFO | [시도] 4/3000
2025-12-06 16:37:26,356 | INFO | [시도] 5/3000
2025-12-06 16:37:28,197 | INFO | [시도] 6/3000
2025-12-06 16:37:30,050 | INFO | [시도] 7/3000
2025-12-06 16:37:31,903 | INFO | [시도] 8/3000
2025-12-06 16:37:33,749 | INFO | [시도] 9/3000
2025-12-06 16:37:35,608 | INFO | [시도] 10/3000
2025-12-06 16:37:37,463 | INFO | [시도] 11/3000
2025-12-06 16:37:39,313 | INFO | [시도] 12/3000
2025-12-06 16:37:41,158 | INFO | [시도] 13/3000
2025-12-06 16:37:43,003 | INFO | [시도] 14/3000
2025-12-06 16:37:44,848 | INFO | [시도] 15/3000
2025-12-06 16:37:46,693 | INFO | [시도] 16/3000
2025-12-06 16:37:48,538 | INFO | [시도] 17/3000
2025-12-06 16:37:50,383 | INFO | [시도] 18/3000
2025-12-06 16:37:52,229 | INFO | [시도] 19/3000
2025-12-06 16:37:54,073 | INFO | [시도] 20/3000
2025-12-06 16:37:55,919 | INFO | [시도] 21/3000
2025-12-06 16:37:57,764 | INFO | [시도] 22/3000
2025-12-06 16:37:59,608 | INFO | [시도] 23/3000
2025-12-06 16:38:01,453 | INFO | [시도] 24/3000
2025-12-06 16:38:03,299 | INFO | [시도] 25/3000
2025-12-06 16:38:05,143 | INFO | [시도] 26/3000
2025-12-06 16:38:06,988 | INFO | [시도] 27/3000
2025-12-06 16:38:08,833 | INFO | [시도] 28/3000
2025-12-06 16:38:10,678 | INFO | [시도] 29/3000
2025-12-06 16:38:12,523 | INFO | [시도] 30/3000
2025-12-06 16:38:14,369 | INFO | [시도] 31/3000
2025-12-06 16:38:16,214 | INFO | [시도] 32/3000
2025-12-06 16:38:18,058 | INFO | [시도] 33/3000
2025-12-06 16:38:19,904 | INFO | [시도] 34/3000
2025-12-06 16:38:21,750 | INFO | [시도] 35/3000
2025-12-06 16:38:23,593 | INFO | [시도] 36/3000
2025-12-06 16:38:25,438 | INFO | [시도] 37/3000
2025-12-06 16:38:27,283 | INFO | [시도] 38/3000
2025-12-06 16:38:29,128 | INFO | [시도] 39/3000
2025-12-06 16:38:30,973 | INFO | [시도] 40/3000
2025-12-06 16:38:32,818 | INFO | [시도] 41/3000
2025-12-06 16:38:34,663 | INFO | [시도] 42/3000
2025-12-06 16:38:36,508 | INFO | [시도] 43/3000
2025-12-06 16:38:38,353 | INFO | [시도] 44/3000
2025-12-06 16:38:40,199 | INFO | [시도] 45/3000
2025-12-06 16:38:42,044 | INFO | [시도] 46/3000
2025-12-06 16:38:43,904 | INFO | [시도] 47/3000
2025-12-06 16:38:45,749 | INFO | [시도] 48/3000
2025-12-06 16:38:47,594 | INFO | [시도] 49/3000
2025-12-06 16:38:49,453 | INFO | [시도] 50/3000
2025-12-06 16:38:51,300 | INFO | [시도] 51/3000
2025-12-06 16:38:53,159 | INFO | [시도] 52/3000
2025-12-06 16:38:55,003 | INFO | [시도] 53/3000
2025-12-06 16:38:56,848 | INFO | [시도] 54/3000
2025-12-06 16:38:58,693 | INFO | [시도] 55/3000
2025-12-06 16:39:00,538 | INFO | [시도] 56/3000
2025-12-06 16:39:02,384 | INFO | [시도] 57/3000
2025-12-06 16:39:04,229 | INFO | [시도] 58/3000
2025-12-06 16:39:06,074 | INFO | [시도] 59/3000
2025-12-06 16:39:07,918 | INFO | [시도] 60/3000
2025-12-06 16:39:09,764 | INFO | [시도] 61/3000
2025-12-06 16:39:11,623 | INFO | [시도] 62/3000
2025-12-06 16:39:13,469 | INFO | [시도] 63/3000
2025-12-06 16:39:15,328 | INFO | [시도] 64/3000
2025-12-06 16:39:17,174 | INFO | [시도] 65/3000
2025-12-06 16:39:19,019 | INFO | [시도] 66/3000
2025-12-06 16:39:20,864 | INFO | [시도] 67/3000
2025-12-06 16:39:22,708 | INFO | [시도] 68/3000
2025-12-06 16:39:24,553 | INFO | [시도] 69/3000
2025-12-06 16:39:26,400 | INFO | [시도] 70/3000
2025-12-06 16:39:26,903 | WARNING | [ALERT] '파일을 찾을 수 없습니다.' -> 자동확인
2025-12-06 16:39:27,225 | INFO | [시도] 71/3000
2025-12-06 16:39:29,072 | INFO | [시도] 72/3000
2025-12-06 16:39:30,928 | INFO | [시도] 73/3000
2025-12-06 16:39:32,773 | INFO | [시도] 74/3000
2025-12-06 16:39:34,619 | INFO | [시도] 75/3000
2025-12-06 16:39:36,463 | INFO | [시도] 76/3000
2025-12-06 16:39:38,308 | INFO | [시도] 77/3000
2025-12-06 16:39:40,153 | INFO | [시도] 78/3000
2025-12-06 16:39:42,001 | INFO | [시도] 79/3000
2025-12-06 16:39:43,858 | INFO | [시도] 80/3000
2025-12-06 16:39:45,705 | INFO | [시도] 81/3000
2025-12-06 16:39:47,563 | INFO | [시도] 82/3000
2025-12-06 16:39:49,408 | INFO | [시도] 83/3000
2025-12-06 16:39:51,253 | INFO | [시도] 84/3000
2025-12-06 16:39:53,097 | INFO | [시도] 85/3000
2025-12-06 16:39:54,946 | INFO | [시도] 86/3000
2025-12-06 16:39:56,803 | INFO | [시도] 87/3000
2025-12-06 16:39:58,648 | INFO | [시도] 88/3000
2025-12-06 16:40:00,493 | INFO | [시도] 89/3000
2025-12-06 16:40:02,338 | INFO | [시도] 90/3000
2025-12-06 16:40:04,186 | INFO | [시도] 91/3000
2025-12-06 16:40:06,044 | INFO | [시도] 92/3000
2025-12-06 16:40:07,888 | INFO | [시도] 93/3000
2025-12-06 16:40:09,734 | INFO | [시도] 94/3000
2025-12-06 16:40:11,578 | INFO | [시도] 95/3000
2025-12-06 16:40:13,424 | INFO | [시도] 96/3000
2025-12-06 16:40:15,275 | INFO | [시도] 97/3000
2025-12-06 16:40:17,128 | INFO | [시도] 98/3000
2025-12-06 16:40:18,974 | INFO | [시도] 99/3000
2025-12-06 16:40:20,818 | INFO | [시도] 100/3000
2025-12-06 16:40:22,663 | INFO | [시도] 101/3000
2025-12-06 16:40:24,508 | INFO | [시도] 102/3000
2025-12-06 16:40:26,353 | INFO | [시도] 103/3000
2025-12-06 16:40:28,198 | INFO | [시도] 104/3000
2025-12-06 16:40:30,044 | INFO | [시도] 105/3000
2025-12-06 16:40:31,889 | INFO | [시도] 106/3000
2025-12-06 16:40:33,748 | INFO | [시도] 107/3000
2025-12-06 16:40:35,594 | INFO | [시도] 108/3000
2025-12-06 16:40:37,439 | INFO | [시도] 109/3000
2025-12-06 16:40:39,298 | INFO | [시도] 110/3000
2025-12-06 16:40:41,143 | INFO | [시도] 111/3000
2025-12-06 16:40:42,989 | INFO | [시도] 112/3000
2025-12-06 16:40:44,833 | INFO | [시도] 113/3000
2025-12-06 16:40:46,680 | INFO | [시도] 114/3000
2025-12-06 16:40:48,523 | INFO | [시도] 115/3000
2025-12-06 16:40:50,368 | INFO | [시도] 116/3000
2025-12-06 16:40:52,214 | INFO | [시도] 117/3000
2025-12-06 16:40:54,058 | INFO | [시도] 118/3000
2025-12-06 16:40:55,919 | INFO | [시도] 119/3000
2025-12-06 16:40:57,763 | INFO | [시도] 120/3000
2025-12-06 16:40:59,610 | INFO | [시도] 121/3000
2025-12-06 16:41:01,468 | INFO | [시도] 122/3000
2025-12-06 16:41:03,313 | INFO | [시도] 123/3000
2025-12-06 16:41:05,158 | INFO | [시도] 124/3000
2025-12-06 16:41:07,003 | INFO | [시도] 125/3000
2025-12-06 16:41:08,848 | INFO | [시도] 126/3000
2025-12-06 16:41:10,693 | INFO | [시도] 127/3000
2025-12-06 16:41:12,538 | INFO | [시도] 128/3000
2025-12-06 16:41:14,383 | INFO | [시도] 129/3000
2025-12-06 16:41:16,229 | INFO | [시도] 130/3000
2025-12-06 16:41:18,073 | INFO | [시도] 131/3000
2025-12-06 16:41:19,919 | INFO | [시도] 132/3000
2025-12-06 16:41:21,766 | INFO | [시도] 133/3000
2025-12-06 16:41:23,623 | INFO | [시도] 134/3000
2025-12-06 16:41:25,470 | INFO | [시도] 135/3000
2025-12-06 16:41:27,328 | INFO | [시도] 136/3000
2025-12-06 16:41:29,173 | INFO | [시도] 137/3000
2025-12-06 16:41:31,021 | INFO | [시도] 138/3000
2025-12-06 16:41:32,878 | INFO | [시도] 139/3000
2025-12-06 16:41:34,723 | INFO | [시도] 140/3000
2025-12-06 16:41:36,568 | INFO | [시도] 141/3000
2025-12-06 16:41:38,413 | INFO | [시도] 142/3000
2025-12-06 16:41:40,258 | INFO | [시도] 143/3000
2025-12-06 16:41:42,103 | INFO | [시도] 144/3000
2025-12-06 16:41:43,949 | INFO | [시도] 145/3000
2025-12-06 16:41:45,808 | INFO | [시도] 146/3000
2025-12-06 16:41:47,653 | INFO | [시도] 147/3000
2025-12-06 16:41:49,498 | INFO | [시도] 148/3000
2025-12-06 16:41:51,345 | INFO | [시도] 149/3000
2025-12-06 16:41:53,203 | INFO | [시도] 150/3000
2025-12-06 16:41:55,048 | INFO | [시도] 151/3000
2025-12-06 16:41:56,893 | INFO | [시도] 152/3000
2025-12-06 16:41:58,739 | INFO | [시도] 153/3000
2025-12-06 16:42:00,583 | INFO | [시도] 154/3000
2025-12-06 16:42:02,428 | INFO | [시도] 155/3000
2025-12-06 16:42:04,273 | INFO | [시도] 156/3000
2025-12-06 16:42:06,118 | INFO | [시도] 157/3000
2025-12-06 16:42:07,965 | INFO | [시도] 158/3000
2025-12-06 16:42:09,823 | INFO | [시도] 159/3000
2025-12-06 16:42:11,669 | INFO | [시도] 160/3000
2025-12-06 16:42:13,513 | INFO | [시도] 161/3000
2025-12-06 16:42:15,358 | INFO | [시도] 162/3000
2025-12-06 16:42:17,203 | INFO | [시도] 163/3000
2025-12-06 16:42:19,048 | INFO | [시도] 164/3000
2025-12-06 16:42:20,893 | INFO | [시도] 165/3000
2025-12-06 16:42:22,738 | INFO | [시도] 166/3000
2025-12-06 16:42:24,583 | INFO | [시도] 167/3000
2025-12-06 16:42:26,428 | INFO | [시도] 168/3000
2025-12-06 16:42:28,274 | INFO | [시도] 169/3000
2025-12-06 16:42:30,118 | INFO | [시도] 170/3000
2025-12-06 16:42:31,963 | INFO | [시도] 171/3000
2025-12-06 16:42:33,808 | INFO | [시도] 172/3000
2025-12-06 16:42:35,653 | INFO | [시도] 173/3000
2025-12-06 16:42:37,498 | INFO | [시도] 174/3000
2025-12-06 16:42:39,344 | INFO | [시도] 175/3000
2025-12-06 16:42:41,188 | INFO | [시도] 176/3000
2025-12-06 16:42:43,033 | INFO | [시도] 177/3000
2025-12-06 16:42:44,878 | INFO | [시도] 178/3000
2025-12-06 16:42:46,723 | INFO | [시도] 179/3000
2025-12-06 16:42:48,569 | INFO | [시도] 180/3000
2025-12-06 16:42:50,428 | INFO | [시도] 181/3000
2025-12-06 16:42:52,274 | INFO | [시도] 182/3000
2025-12-06 16:42:54,118 | INFO | [시도] 183/3000
2025-12-06 16:42:55,963 | INFO | [시도] 184/3000
2025-12-06 16:42:57,808 | INFO | [시도] 185/3000
2025-12-06 16:42:59,653 | INFO | [시도] 186/3000
2025-12-06 16:43:01,499 | INFO | [시도] 187/3000
2025-12-06 16:43:03,343 | INFO | [시도] 188/3000
2025-12-06 16:43:05,190 | INFO | [시도] 189/3000
2025-12-06 16:43:07,033 | INFO | [시도] 190/3000
2025-12-06 16:43:08,879 | INFO | [시도] 191/3000
2025-12-06 16:43:10,738 | INFO | [시도] 192/3000
2025-12-06 16:43:12,584 | INFO | [시도] 193/3000
2025-12-06 16:43:14,428 | INFO | [시도] 194/3000
2025-12-06 16:43:16,274 | INFO | [시도] 195/3000
2025-12-06 16:43:18,118 | INFO | [시도] 196/3000
2025-12-06 16:43:19,963 | INFO | [시도] 197/3000
2025-12-06 16:43:21,809 | INFO | [시도] 198/3000
2025-12-06 16:43:23,653 | INFO | [시도] 199/3000
2025-12-06 16:43:25,498 | INFO | [시도] 200/3000
2025-12-06 16:43:27,345 | INFO | [시도] 201/3000
2025-12-06 16:43:29,203 | INFO | [시도] 202/3000
2025-12-06 16:43:31,048 | INFO | [시도] 203/3000
2025-12-06 16:43:32,894 | INFO | [시도] 204/3000
2025-12-06 16:43:34,740 | INFO | [시도] 205/3000
2025-12-06 16:43:36,599 | INFO | [시도] 206/3000
2025-12-06 16:43:38,446 | INFO | [시도] 207/3000
2025-12-06 16:43:40,304 | INFO | [시도] 208/3000
2025-12-06 16:43:42,150 | INFO | [시도] 209/3000
2025-12-06 16:43:43,994 | INFO | [시도] 210/3000
2025-12-06 16:43:45,841 | INFO | [시도] 211/3000
2025-12-06 16:43:47,699 | INFO | [시도] 212/3000
2025-12-06 16:43:49,544 | INFO | [시도] 213/3000
2025-12-06 16:43:51,390 | INFO | [시도] 214/3000
2025-12-06 16:43:53,234 | INFO | [시도] 215/3000
2025-12-06 16:43:55,079 | INFO | [시도] 216/3000
2025-12-06 16:43:56,924 | INFO | [시도] 217/3000
2025-12-06 16:43:58,770 | INFO | [시도] 218/3000
2025-12-06 16:44:00,614 | INFO | [시도] 219/3000
2025-12-06 16:44:02,460 | INFO | [시도] 220/3000
2025-12-06 16:44:04,304 | INFO | [시도] 221/3000
2025-12-06 16:44:06,150 | INFO | [시도] 222/3000
2025-12-06 16:44:07,994 | INFO | [시도] 223/3000
2025-12-06 16:44:09,839 | INFO | [시도] 224/3000
2025-12-06 16:44:11,685 | INFO | [시도] 225/3000
2025-12-06 16:44:13,530 | INFO | [시도] 226/3000
2025-12-06 16:44:15,375 | INFO | [시도] 227/3000
2025-12-06 16:44:17,219 | INFO | [시도] 228/3000
2025-12-06 16:44:19,065 | INFO | [시도] 229/3000
2025-12-06 16:44:20,909 | INFO | [시도] 230/3000
2025-12-06 16:44:22,754 | INFO | [시도] 231/3000
2025-12-06 16:44:24,600 | INFO | [시도] 232/3000
2025-12-06 16:44:26,445 | INFO | [시도] 233/3000
2025-12-06 16:44:28,289 | INFO | [시도] 234/3000
2025-12-06 16:44:30,135 | INFO | [시도] 235/3000
2025-12-06 16:44:31,982 | INFO | [시도] 236/3000
2025-12-06 16:44:33,840 | INFO | [시도] 237/3000
2025-12-06 16:44:35,684 | INFO | [시도] 238/3000
2025-12-06 16:44:37,529 | INFO | [시도] 239/3000
2025-12-06 16:44:39,374 | INFO | [시도] 240/3000
2025-12-06 16:44:41,219 | INFO | [시도] 241/3000
2025-12-06 16:44:43,064 | INFO | [시도] 242/3000
2025-12-06 16:44:44,909 | INFO | [시도] 243/3000
2025-12-06 16:44:46,754 | INFO | [시도] 244/3000
2025-12-06 16:44:48,599 | INFO | [시도] 245/3000
2025-12-06 16:44:50,446 | INFO | [시도] 246/3000
2025-12-06 16:44:52,304 | INFO | [시도] 247/3000
2025-12-06 16:44:54,149 | INFO | [시도] 248/3000
2025-12-06 16:44:55,995 | INFO | [시도] 249/3000
2025-12-06 16:44:57,840 | INFO | [시도] 250/3000
2025-12-06 16:44:59,685 | INFO | [시도] 251/3000
2025-12-06 16:45:01,529 | INFO | [시도] 252/3000
2025-12-06 16:45:03,374 | INFO | [시도] 253/3000
2025-12-06 16:45:05,219 | INFO | [시도] 254/3000
2025-12-06 16:45:07,065 | INFO | [시도] 255/3000
2025-12-06 16:45:08,910 | INFO | [시도] 256/3000
2025-12-06 16:45:10,755 | INFO | [시도] 257/3000
2025-12-06 16:45:12,599 | INFO | [시도] 258/3000
2025-12-06 16:45:14,446 | INFO | [시도] 259/3000
2025-12-06 16:45:16,289 | INFO | [시도] 260/3000
2025-12-06 16:45:18,134 | INFO | [시도] 261/3000
2025-12-06 16:45:19,979 | INFO | [시도] 262/3000
2025-12-06 16:45:21,825 | INFO | [시도] 263/3000
2025-12-06 16:45:23,671 | INFO | [시도] 264/3000
2025-12-06 16:45:25,514 | INFO | [시도] 265/3000
2025-12-06 16:45:27,360 | INFO | [시도] 266/3000
2025-12-06 16:45:29,205 | INFO | [시도] 267/3000
2025-12-06 16:45:31,050 | INFO | [시도] 268/3000
2025-12-06 16:45:32,897 | INFO | [시도] 269/3000
2025-12-06 16:45:34,755 | INFO | [시도] 270/3000
2025-12-06 16:45:36,601 | INFO | [시도] 271/3000
2025-12-06 16:45:38,446 | INFO | [시도] 272/3000
2025-12-06 16:45:40,291 | INFO | [시도] 273/3000
2025-12-06 16:45:42,136 | INFO | [시도] 274/3000
2025-12-06 16:45:43,981 | INFO | [시도] 275/3000
2025-12-06 16:45:45,825 | INFO | [시도] 276/3000
2025-12-06 16:45:47,670 | INFO | [시도] 277/3000
2025-12-06 16:45:49,516 | INFO | [시도] 278/3000
2025-12-06 16:45:51,360 | INFO | [시도] 279/3000
2025-12-06 16:45:53,205 | INFO | [시도] 280/3000
2025-12-06 16:45:55,050 | INFO | [시도] 281/3000
2025-12-06 16:45:56,895 | INFO | [시도] 282/3000
2025-12-06 16:45:58,742 | INFO | [시도] 283/3000
2025-12-06 16:46:00,602 | INFO | [시도] 284/3000
2025-12-06 16:46:02,461 | INFO | [시도] 285/3000
2025-12-06 16:46:04,306 | INFO | [시도] 286/3000
2025-12-06 16:46:06,151 | INFO | [시도] 287/3000
2025-12-06 16:46:07,996 | INFO | [시도] 288/3000
2025-12-06 16:46:09,840 | INFO | [시도] 289/3000
2025-12-06 16:46:11,685 | INFO | [시도] 290/3000
2025-12-06 16:46:13,530 | INFO | [시도] 291/3000
2025-12-06 16:46:15,375 | INFO | [시도] 292/3000
2025-12-06 16:46:17,220 | INFO | [시도] 293/3000
2025-12-06 16:46:19,065 | INFO | [시도] 294/3000
2025-12-06 16:46:20,910 | INFO | [시도] 295/3000
2025-12-06 16:46:22,755 | INFO | [시도] 296/3000
2025-12-06 16:46:24,601 | INFO | [시도] 297/3000
2025-12-06 16:46:26,445 | INFO | [시도] 298/3000
2025-12-06 16:46:28,290 | INFO | [시도] 299/3000
2025-12-06 16:46:30,136 | INFO | [시도] 300/3000
2025-12-06 16:46:31,980 | INFO | [시도] 301/3000
2025-12-06 16:46:33,825 | INFO | [시도] 302/3000
2025-12-06 16:46:35,670 | INFO | [시도] 303/3000
2025-12-06 16:46:37,515 | INFO | [시도] 304/3000
2025-12-06 16:46:39,361 | INFO | [시도] 305/3000
2025-12-06 16:46:41,206 | INFO | [시도] 306/3000
2025-12-06 16:46:43,050 | INFO | [시도] 307/3000
2025-12-06 16:46:44,895 | INFO | [시도] 308/3000
2025-12-06 16:46:46,740 | INFO | [시도] 309/3000
2025-12-06 16:46:48,586 | INFO | [시도] 310/3000
2025-12-06 16:46:50,430 | INFO | [시도] 311/3000
2025-12-06 16:46:52,275 | INFO | [시도] 312/3000
2025-12-06 16:46:54,121 | INFO | [시도] 313/3000
2025-12-06 16:46:55,981 | INFO | [시도] 314/3000
2025-12-06 16:46:57,825 | INFO | [시도] 315/3000
2025-12-06 16:46:59,670 | INFO | [시도] 316/3000
2025-12-06 16:47:01,530 | INFO | [시도] 317/3000
2025-12-06 16:47:03,375 | INFO | [시도] 318/3000
2025-12-06 16:47:05,220 | INFO | [시도] 319/3000
2025-12-06 16:47:07,065 | INFO | [시도] 320/3000
2025-12-06 16:47:08,911 | INFO | [시도] 321/3000
2025-12-06 16:47:10,755 | INFO | [시도] 322/3000
2025-12-06 16:47:12,600 | INFO | [시도] 323/3000
2025-12-06 16:47:14,445 | INFO | [시도] 324/3000
2025-12-06 16:47:16,290 | INFO | [시도] 325/3000
2025-12-06 16:47:18,136 | INFO | [시도] 326/3000
2025-12-06 16:47:20,000 | INFO | [시도] 327/3000
2025-12-06 16:47:21,857 | INFO | [시도] 328/3000
2025-12-06 16:47:23,715 | INFO | [시도] 329/3000
2025-12-06 16:47:25,560 | INFO | [시도] 330/3000
2025-12-06 16:47:27,405 | INFO | [시도] 331/3000
2025-12-06 16:47:29,250 | INFO | [시도] 332/3000
2025-12-06 16:47:31,095 | INFO | [시도] 333/3000
2025-12-06 16:47:32,940 | INFO | [시도] 334/3000
2025-12-06 16:47:34,785 | INFO | [시도] 335/3000
2025-12-06 16:47:36,630 | INFO | [시도] 336/3000
2025-12-06 16:47:38,475 | INFO | [시도] 337/3000
2025-12-06 16:47:40,320 | INFO | [시도] 338/3000
2025-12-06 16:47:42,165 | INFO | [시도] 339/3000
2025-12-06 16:47:44,012 | INFO | [시도] 340/3000
2025-12-06 16:47:45,856 | INFO | [시도] 341/3000
2025-12-06 16:47:47,700 | INFO | [시도] 342/3000
2025-12-06 16:47:49,545 | INFO | [시도] 343/3000
2025-12-06 16:47:51,390 | INFO | [시도] 344/3000
2025-12-06 16:47:53,235 | INFO | [시도] 345/3000
2025-12-06 16:47:55,080 | INFO | [시도] 346/3000
2025-12-06 16:47:56,925 | INFO | [시도] 347/3000
2025-12-06 16:47:58,770 | INFO | [시도] 348/3000
2025-12-06 16:48:00,616 | INFO | [시도] 349/3000
2025-12-06 16:48:02,460 | INFO | [시도] 350/3000
2025-12-06 16:48:04,305 | INFO | [시도] 351/3000
2025-12-06 16:48:06,150 | INFO | [시도] 352/3000
2025-12-06 16:48:07,995 | INFO | [시도] 353/3000
2025-12-06 16:48:09,840 | INFO | [시도] 354/3000
2025-12-06 16:48:11,686 | INFO | [시도] 355/3000
2025-12-06 16:48:13,530 | INFO | [시도] 356/3000
2025-12-06 16:48:15,375 | INFO | [시도] 357/3000
2025-12-06 16:48:17,221 | INFO | [시도] 358/3000
2025-12-06 16:48:19,080 | INFO | [시도] 359/3000
2025-12-06 16:48:20,925 | INFO | [시도] 360/3000
2025-12-06 16:48:22,770 | INFO | [시도] 361/3000
2025-12-06 16:48:24,616 | INFO | [시도] 362/3000
2025-12-06 16:48:26,461 | INFO | [시도] 363/3000
2025-12-06 16:48:28,306 | INFO | [시도] 364/3000
2025-12-06 16:48:30,167 | INFO | [시도] 365/3000
2025-12-06 16:48:32,025 | INFO | [시도] 366/3000
2025-12-06 16:48:33,872 | INFO | [시도] 367/3000
2025-12-06 16:48:35,730 | INFO | [시도] 368/3000
2025-12-06 16:48:37,576 | INFO | [시도] 369/3000
2025-12-06 16:48:39,420 | INFO | [시도] 370/3000
2025-12-06 16:48:41,266 | INFO | [시도] 371/3000
2025-12-06 16:48:43,111 | INFO | [시도] 372/3000
2025-12-06 16:48:44,958 | INFO | [시도] 373/3000
2025-12-06 16:48:46,815 | INFO | [시도] 374/3000
2025-12-06 16:48:48,660 | INFO | [시도] 375/3000
2025-12-06 16:48:50,506 | INFO | [시도] 376/3000
2025-12-06 16:48:52,350 | INFO | [시도] 377/3000
2025-12-06 16:48:54,195 | INFO | [시도] 378/3000
2025-12-06 16:48:56,041 | INFO | [시도] 379/3000
2025-12-06 16:48:57,886 | INFO | [시도] 380/3000
2025-12-06 16:48:59,730 | INFO | [시도] 381/3000
2025-12-06 16:49:01,575 | INFO | [시도] 382/3000
2025-12-06 16:49:03,420 | INFO | [시도] 383/3000
2025-12-06 16:49:05,265 | INFO | [시도] 384/3000
2025-12-06 16:49:07,111 | INFO | [시도] 385/3000
2025-12-06 16:49:08,970 | INFO | [시도] 386/3000
2025-12-06 16:49:10,815 | INFO | [시도] 387/3000
2025-12-06 16:49:12,660 | INFO | [시도] 388/3000
2025-12-06 16:49:14,507 | INFO | [시도] 389/3000
2025-12-06 16:49:16,350 | INFO | [시도] 390/3000
2025-12-06 16:49:18,196 | INFO | [시도] 391/3000
2025-12-06 16:49:20,041 | INFO | [시도] 392/3000
2025-12-06 16:49:21,886 | INFO | [시도] 393/3000
2025-12-06 16:49:23,731 | INFO | [시도] 394/3000
2025-12-06 16:49:25,575 | INFO | [시도] 395/3000
2025-12-06 16:49:27,420 | INFO | [시도] 396/3000
2025-12-06 16:49:29,265 | INFO | [시도] 397/3000
2025-12-06 16:49:31,110 | INFO | [시도] 398/3000
2025-12-06 16:49:32,955 | INFO | [시도] 399/3000
2025-12-06 16:49:34,800 | INFO | [시도] 400/3000
2025-12-06 16:49:35,306 | WARNING | [ALERT] '파일을 찾을 수 없습니다.' -> 자동확인
2025-12-06 16:49:35,626 | INFO | [시도] 401/3000
2025-12-06 16:49:37,470 | INFO | [시도] 402/3000
2025-12-06 16:49:39,315 | INFO | [시도] 403/3000
2025-12-06 16:49:41,160 | INFO | [시도] 404/3000
2025-12-06 16:49:43,005 | INFO | [시도] 405/3000
2025-12-06 16:49:44,850 | INFO | [시도] 406/3000
2025-12-06 16:49:46,695 | INFO | [시도] 407/3000
2025-12-06 16:49:48,543 | INFO | [시도] 408/3000
2025-12-06 16:49:50,401 | INFO | [시도] 409/3000
2025-12-06 16:49:52,245 | INFO | [시도] 410/3000
2025-12-06 16:49:54,090 | INFO | [시도] 411/3000
2025-12-06 16:49:55,935 | INFO | [시도] 412/3000
2025-12-06 16:49:57,781 | INFO | [시도] 413/3000
2025-12-06 16:49:59,640 | INFO | [시도] 414/3000
2025-12-06 16:50:01,485 | INFO | [시도] 415/3000
2025-12-06 16:50:03,330 | INFO | [시도] 416/3000
2025-12-06 16:50:05,175 | INFO | [시도] 417/3000
2025-12-06 16:50:07,021 | INFO | [시도] 418/3000
2025-12-06 16:50:08,880 | INFO | [시도] 419/3000
2025-12-06 16:50:10,725 | INFO | [시도] 420/3000
2025-12-06 16:50:12,571 | INFO | [시도] 421/3000
2025-12-06 16:50:14,416 | INFO | [시도] 422/3000
2025-12-06 16:50:16,261 | INFO | [시도] 423/3000
2025-12-06 16:50:18,106 | INFO | [시도] 424/3000
2025-12-06 16:50:19,951 | INFO | [시도] 425/3000
2025-12-06 16:50:21,810 | INFO | [시도] 426/3000
2025-12-06 16:50:23,656 | INFO | [시도] 427/3000
2025-12-06 16:50:25,500 | INFO | [시도] 428/3000
2025-12-06 16:50:27,346 | INFO | [시도] 429/3000
2025-12-06 16:50:29,190 | INFO | [시도] 430/3000
2025-12-06 16:50:31,035 | INFO | [시도] 431/3000
2025-12-06 16:50:32,880 | INFO | [시도] 432/3000
2025-12-06 16:50:34,725 | INFO | [시도] 433/3000
2025-12-06 16:50:36,570 | INFO | [시도] 434/3000
2025-12-06 16:50:38,415 | INFO | [시도] 435/3000
2025-12-06 16:50:40,260 | INFO | [시도] 436/3000
2025-12-06 16:50:42,106 | INFO | [시도] 437/3000
2025-12-06 16:50:43,965 | INFO | [시도] 438/3000
2025-12-06 16:50:45,812 | INFO | [시도] 439/3000
2025-12-06 16:50:47,655 | INFO | [시도] 440/3000
2025-12-06 16:50:49,501 | INFO | [시도] 441/3000
2025-12-06 16:50:51,345 | INFO | [시도] 442/3000
2025-12-06 16:50:53,190 | INFO | [시도] 443/3000
2025-12-06 16:50:55,035 | INFO | [시도] 444/3000
2025-12-06 16:50:56,880 | INFO | [시도] 445/3000
2025-12-06 16:50:58,726 | INFO | [시도] 446/3000
2025-12-06 16:51:00,570 | INFO | [시도] 447/3000
2025-12-06 16:51:02,416 | INFO | [시도] 448/3000
2025-12-06 16:51:04,276 | INFO | [시도] 449/3000
2025-12-06 16:51:06,120 | INFO | [시도] 450/3000
2025-12-06 16:51:07,965 | INFO | [시도] 451/3000
2025-12-06 16:51:09,810 | INFO | [시도] 452/3000
2025-12-06 16:51:11,655 | INFO | [시도] 453/3000
2025-12-06 16:51:13,500 | INFO | [시도] 454/3000
2025-12-06 16:51:15,345 | INFO | [시도] 455/3000
2025-12-06 16:51:17,190 | INFO | [시도] 456/3000
2025-12-06 16:51:19,036 | INFO | [시도] 457/3000
2025-12-06 16:51:20,880 | INFO | [시도] 458/3000
2025-12-06 16:51:22,729 | INFO | [시도] 459/3000
2025-12-06 16:51:24,586 | INFO | [시도] 460/3000
2025-12-06 16:51:26,431 | INFO | [시도] 461/3000
2025-12-06 16:51:28,275 | INFO | [시도] 462/3000
2025-12-06 16:51:30,121 | INFO | [시도] 463/3000
2025-12-06 16:51:31,965 | INFO | [시도] 464/3000
2025-12-06 16:51:33,810 | INFO | [시도] 465/3000
2025-12-06 16:51:35,657 | INFO | [시도] 466/3000
2025-12-06 16:51:37,515 | INFO | [시도] 467/3000
2025-12-06 16:51:39,360 | INFO | [시도] 468/3000
2025-12-06 16:51:41,205 | INFO | [시도] 469/3000
2025-12-06 16:51:43,051 | INFO | [시도] 470/3000
2025-12-06 16:51:44,896 | INFO | [시도] 471/3000
2025-12-06 16:51:46,741 | INFO | [시도] 472/3000
2025-12-06 16:51:48,585 | INFO | [시도] 473/3000
2025-12-06 16:51:50,430 | INFO | [시도] 474/3000
2025-12-06 16:51:52,277 | INFO | [시도] 475/3000
2025-12-06 16:51:54,135 | INFO | [시도] 476/3000
2025-12-06 16:51:55,981 | INFO | [시도] 477/3000
2025-12-06 16:51:57,826 | INFO | [시도] 478/3000
2025-12-06 16:51:59,682 | INFO | [시도] 479/3000
2025-12-06 16:52:01,530 | INFO | [시도] 480/3000
2025-12-06 16:52:03,377 | INFO | [시도] 481/3000
2025-12-06 16:52:05,220 | INFO | [시도] 482/3000
2025-12-06 16:52:07,065 | INFO | [시도] 483/3000
2025-12-06 16:52:08,910 | INFO | [시도] 484/3000
2025-12-06 16:52:10,755 | INFO | [시도] 485/3000
2025-12-06 16:52:12,601 | INFO | [시도] 486/3000
2025-12-06 16:52:14,461 | INFO | [시도] 487/3000
2025-12-06 16:52:16,306 | INFO | [시도] 488/3000
2025-12-06 16:52:18,150 | INFO | [시도] 489/3000
2025-12-06 16:52:19,996 | INFO | [시도] 490/3000
2025-12-06 16:52:21,840 | INFO | [시도] 491/3000
2025-12-06 16:52:23,686 | INFO | [시도] 492/3000
2025-12-06 16:52:25,532 | INFO | [시도] 493/3000
2025-12-06 16:52:27,390 | INFO | [시도] 494/3000
2025-12-06 16:52:29,235 | INFO | [시도] 495/3000
2025-12-06 16:52:31,080 | INFO | [시도] 496/3000
2025-12-06 16:52:32,926 | INFO | [시도] 497/3000
2025-12-06 16:52:34,785 | INFO | [시도] 498/3000
2025-12-06 16:52:36,631 | INFO | [시도] 499/3000
2025-12-06 16:52:38,476 | INFO | [시도] 500/3000
2025-12-06 16:52:38,980 | WARNING | [ALERT] '파일을 찾을 수 없습니다.' -> 자동확인
2025-12-06 16:52:39,301 | INFO | [시도] 501/3000
2025-12-06 16:52:41,145 | INFO | [시도] 502/3000
2025-12-06 16:52:42,990 | INFO | [시도] 503/3000
2025-12-06 16:52:44,835 | INFO | [시도] 504/3000
2025-12-06 16:52:46,681 | INFO | [시도] 505/3000
2025-12-06 16:52:47,186 | WARNING | [ALERT] '파일을 찾을 수 없습니다.' -> 자동확인
2025-12-06 16:52:47,506 | INFO | [시도] 506/3000
2025-12-06 16:52:49,350 | INFO | [시도] 507/3000
2025-12-06 16:52:51,196 | INFO | [시도] 508/3000
2025-12-06 16:52:53,040 | INFO | [시도] 509/3000
2025-12-06 16:52:54,886 | INFO | [시도] 510/3000
2025-12-06 16:52:56,731 | INFO | [시도] 511/3000
2025-12-06 16:52:58,576 | INFO | [시도] 512/3000
2025-12-06 16:53:00,435 | INFO | [시도] 513/3000
2025-12-06 16:53:02,280 | INFO | [시도] 514/3000
2025-12-06 16:53:04,125 | INFO | [시도] 515/3000
2025-12-06 16:53:05,972 | INFO | [시도] 516/3000
2025-12-06 16:53:07,830 | INFO | [시도] 517/3000
2025-12-06 16:53:09,675 | INFO | [시도] 518/3000
2025-12-06 16:53:11,520 | INFO | [시도] 519/3000
2025-12-06 16:53:13,366 | INFO | [시도] 520/3000
2025-12-06 16:53:15,210 | INFO | [시도] 521/3000
2025-12-06 16:53:17,055 | INFO | [시도] 522/3000
2025-12-06 16:53:18,900 | INFO | [시도] 523/3000
2025-12-06 16:53:20,746 | INFO | [시도] 524/3000
2025-12-06 16:53:22,590 | INFO | [시도] 525/3000
2025-12-06 16:53:24,435 | INFO | [시도] 526/3000
2025-12-06 16:53:26,280 | INFO | [시도] 527/3000
2025-12-06 16:53:28,125 | INFO | [시도] 528/3000
2025-12-06 16:53:29,970 | INFO | [시도] 529/3000
2025-12-06 16:53:31,816 | INFO | [시도] 530/3000
2025-12-06 16:53:33,660 | INFO | [시도] 531/3000
2025-12-06 16:53:35,505 | INFO | [시도] 532/3000
2025-12-06 16:53:37,351 | INFO | [시도] 533/3000
2025-12-06 16:53:39,195 | INFO | [시도] 534/3000
2025-12-06 16:53:41,040 | INFO | [시도] 535/3000
2025-12-06 16:53:42,886 | INFO | [시도] 536/3000
2025-12-06 16:53:44,731 | INFO | [시도] 537/3000
2025-12-06 16:53:46,575 | INFO | [시도] 538/3000
2025-12-06 16:53:47,081 | WARNING | [ALERT] '파일을 찾을 수 없습니다.' -> 자동확인
2025-12-06 16:53:47,401 | INFO | [시도] 539/3000
2025-12-06 16:53:49,246 | INFO | [시도] 540/3000
2025-12-06 16:53:51,105 | INFO | [시도] 541/3000
2025-12-06 16:53:52,950 | INFO | [시도] 542/3000
2025-12-06 16:53:54,795 | INFO | [시도] 543/3000
2025-12-06 16:53:56,643 | INFO | [시도] 544/3000
2025-12-06 16:53:58,501 | INFO | [시도] 545/3000
2025-12-06 16:54:00,360 | INFO | [시도] 546/3000
2025-12-06 16:54:02,205 | INFO | [시도] 547/3000
2025-12-06 16:54:04,051 | INFO | [시도] 548/3000
2025-12-06 16:54:05,897 | INFO | [시도] 549/3000
2025-12-06 16:54:07,740 | INFO | [시도] 550/3000
2025-12-06 16:54:09,585 | INFO | [시도] 551/3000
2025-12-06 16:54:11,430 | INFO | [시도] 552/3000
2025-12-06 16:54:13,276 | INFO | [시도] 553/3000
2025-12-06 16:54:15,121 | INFO | [시도] 554/3000
2025-12-06 16:54:16,966 | INFO | [시도] 555/3000
2025-12-06 16:54:18,825 | INFO | [시도] 556/3000
2025-12-06 16:54:20,673 | INFO | [시도] 557/3000
2025-12-06 16:54:22,534 | INFO | [시도] 558/3000
2025-12-06 16:54:24,390 | INFO | [시도] 559/3000
2025-12-06 16:54:26,235 | INFO | [시도] 560/3000
2025-12-06 16:54:28,080 | INFO | [시도] 561/3000
2025-12-06 16:54:29,925 | INFO | [시도] 562/3000
2025-12-06 16:54:31,771 | INFO | [시도] 563/3000
2025-12-06 16:54:33,615 | INFO | [시도] 564/3000
2025-12-06 16:54:35,460 | INFO | [시도] 565/3000
2025-12-06 16:54:37,306 | INFO | [시도] 566/3000
2025-12-06 16:54:39,150 | INFO | [시도] 567/3000
2025-12-06 16:54:40,995 | INFO | [시도] 568/3000
2025-12-06 16:54:42,841 | INFO | [시도] 569/3000
2025-12-06 16:54:44,686 | INFO | [시도] 570/3000
2025-12-06 16:54:46,531 | INFO | [시도] 571/3000
2025-12-06 16:54:48,376 | INFO | [시도] 572/3000
2025-12-06 16:54:50,221 | INFO | [시도] 573/3000
2025-12-06 16:54:52,067 | INFO | [시도] 574/3000
2025-12-06 16:54:53,927 | INFO | [시도] 575/3000
2025-12-06 16:54:55,786 | INFO | [시도] 576/3000
2025-12-06 16:54:57,631 | INFO | [시도] 577/3000
2025-12-06 16:54:59,476 | INFO | [시도] 578/3000
2025-12-06 16:55:01,322 | INFO | [시도] 579/3000
2025-12-06 16:55:03,168 | INFO | [시도] 580/3000
2025-12-06 16:55:05,027 | INFO | [시도] 581/3000
2025-12-06 16:55:06,887 | INFO | [시도] 582/3000
2025-12-06 16:55:08,731 | INFO | [시도] 583/3000
2025-12-06 16:55:10,576 | INFO | [시도] 584/3000
2025-12-06 16:55:12,421 | INFO | [시도] 585/3000
2025-12-06 16:55:14,266 | INFO | [시도] 586/3000
2025-12-06 16:55:16,116 | INFO | [시도] 587/3000
2025-12-06 16:55:17,972 | INFO | [시도] 588/3000
2025-12-06 16:55:19,816 | INFO | [시도] 589/3000
2025-12-06 16:55:21,661 | INFO | [시도] 590/3000
2025-12-06 16:55:23,506 | INFO | [시도] 591/3000
2025-12-06 16:55:25,351 | INFO | [시도] 592/3000
2025-12-06 16:55:27,197 | INFO | [시도] 593/3000
2025-12-06 16:55:29,042 | INFO | [시도] 594/3000
2025-12-06 16:55:30,887 | INFO | [시도] 595/3000
2025-12-06 16:55:32,732 | INFO | [시도] 596/3000
2025-12-06 16:55:34,577 | INFO | [시도] 597/3000
2025-12-06 16:55:36,421 | INFO | [시도] 598/3000
2025-12-06 16:55:38,267 | INFO | [시도] 599/3000
2025-12-06 16:55:40,111 | INFO | [시도] 600/3000
2025-12-06 16:55:41,957 | INFO | [시도] 601/3000
2025-12-06 16:55:43,804 | INFO | [시도] 602/3000
2025-12-06 16:55:45,661 | INFO | [시도] 603/3000
2025-12-06 16:55:47,506 | INFO | [시도] 604/3000
2025-12-06 16:55:49,351 | INFO | [시도] 605/3000
2025-12-06 16:55:51,196 | INFO | [시도] 606/3000
2025-12-06 16:55:53,041 | INFO | [시도] 607/3000
2025-12-06 16:55:54,887 | INFO | [시도] 608/3000
2025-12-06 16:55:56,732 | INFO | [시도] 609/3000
2025-12-06 16:55:58,576 | INFO | [시도] 610/3000
2025-12-06 16:56:00,421 | INFO | [시도] 611/3000
2025-12-06 16:56:02,267 | INFO | [시도] 612/3000
2025-12-06 16:56:04,112 | INFO | [시도] 613/3000
2025-12-06 16:56:05,956 | INFO | [시도] 614/3000
2025-12-06 16:56:07,801 | INFO | [시도] 615/3000
2025-12-06 16:56:09,646 | INFO | [시도] 616/3000
2025-12-06 16:56:11,491 | INFO | [시도] 617/3000
2025-12-06 16:56:13,336 | INFO | [시도] 618/3000
2025-12-06 16:56:15,181 | INFO | [시도] 619/3000
2025-12-06 16:56:17,027 | INFO | [시도] 620/3000
2025-12-06 16:56:18,871 | INFO | [시도] 621/3000
2025-12-06 16:56:20,717 | INFO | [시도] 622/3000
2025-12-06 16:56:22,577 | INFO | [시도] 623/3000
2025-12-06 16:56:24,422 | INFO | [시도] 624/3000
2025-12-06 16:56:26,267 | INFO | [시도] 625/3000
2025-12-06 16:56:28,112 | INFO | [시도] 626/3000
2025-12-06 16:56:29,956 | INFO | [시도] 627/3000
2025-12-06 16:56:31,802 | INFO | [시도] 628/3000
2025-12-06 16:56:33,648 | INFO | [시도] 629/3000
2025-12-06 16:56:35,506 | INFO | [시도] 630/3000
2025-12-06 16:56:37,353 | INFO | [시도] 631/3000
2025-12-06 16:56:39,211 | INFO | [시도] 632/3000
2025-12-06 16:56:41,057 | INFO | [시도] 633/3000
2025-12-06 16:56:42,902 | INFO | [시도] 634/3000
2025-12-06 16:56:44,747 | INFO | [시도] 635/3000
2025-12-06 16:56:46,607 | INFO | [시도] 636/3000
2025-12-06 16:56:48,451 | INFO | [시도] 637/3000
2025-12-06 16:56:50,298 | INFO | [시도] 638/3000
2025-12-06 16:56:52,156 | INFO | [시도] 639/3000
2025-12-06 16:56:54,001 | INFO | [시도] 640/3000
2025-12-06 16:56:55,847 | INFO | [시도] 641/3000
2025-12-06 16:56:57,691 | INFO | [시도] 642/3000
2025-12-06 16:56:59,536 | INFO | [시도] 643/3000
2025-12-06 16:57:01,383 | INFO | [시도] 644/3000
2025-12-06 16:57:03,241 | INFO | [시도] 645/3000
2025-12-06 16:57:05,086 | INFO | [시도] 646/3000
2025-12-06 16:57:06,933 | INFO | [시도] 647/3000
2025-12-06 16:57:08,793 | INFO | [시도] 648/3000
2025-12-06 16:57:10,651 | INFO | [시도] 649/3000
2025-12-06 16:57:12,497 | INFO | [시도] 650/3000
2025-12-06 16:57:14,341 | INFO | [시도] 651/3000
2025-12-06 16:57:16,190 | INFO | [시도] 652/3000
2025-12-06 16:57:18,047 | INFO | [시도] 653/3000
2025-12-06 16:57:19,891 | INFO | [시도] 654/3000
2025-12-06 16:57:21,736 | INFO | [시도] 655/3000
2025-12-06 16:57:23,581 | INFO | [시도] 656/3000
2025-12-06 16:57:25,426 | INFO | [시도] 657/3000
2025-12-06 16:57:27,272 | INFO | [시도] 658/3000
2025-12-06 16:57:29,117 | INFO | [시도] 659/3000
2025-12-06 16:57:30,962 | INFO | [시도] 660/3000
2025-12-06 16:57:32,808 | INFO | [시도] 661/3000
2025-12-06 16:57:33,327 | WARNING | [ALERT] '파일을 찾을 수 없습니다.' -> 자동확인
2025-12-06 16:57:33,648 | INFO | [시도] 662/3000
2025-12-06 16:57:34,167 | WARNING | [ALERT] '파일을 찾을 수 없습니다.' -> 자동확인
2025-12-06 16:57:34,490 | INFO | [시도] 663/3000
2025-12-06 16:57:35,007 | WARNING | [ALERT] '파일을 찾을 수 없습니다.' -> 자동확인
2025-12-06 16:57:35,328 | INFO | [시도] 664/3000
2025-12-06 16:57:35,847 | WARNING | [ALERT] '파일을 찾을 수 없습니다.' -> 자동확인
2025-12-06 16:57:36,167 | INFO | [시도] 665/3000
2025-12-06 16:57:36,672 | WARNING | [ALERT] '파일을 찾을 수 없습니다.' -> 자동확인
2025-12-06 16:57:36,992 | INFO | [시도] 666/3000
2025-12-06 16:57:37,497 | WARNING | [ALERT] '파일을 찾을 수 없습니다.' -> 자동확인
2025-12-06 16:57:37,817 | INFO | [시도] 667/3000
2025-12-06 16:57:38,322 | WARNING | [ALERT] '파일을 찾을 수 없습니다.' -> 자동확인
2025-12-06 16:57:38,642 | INFO | [시도] 668/3000
2025-12-06 16:57:39,147 | WARNING | [ALERT] '파일을 찾을 수 없습니다.' -> 자동확인
2025-12-06 16:57:39,467 | INFO | [시도] 669/3000
2025-12-06 16:57:41,311 | INFO | [시도] 670/3000
2025-12-06 16:57:43,157 | INFO | [시도] 671/3000
2025-12-06 16:57:45,001 | INFO | [시도] 672/3000
2025-12-06 16:57:46,847 | INFO | [시도] 673/3000
2025-12-06 16:57:48,691 | INFO | [시도] 674/3000
2025-12-06 16:57:50,537 | INFO | [시도] 675/3000
2025-12-06 16:57:52,382 | INFO | [시도] 676/3000
2025-12-06 16:57:54,227 | INFO | [시도] 677/3000
2025-12-06 16:57:56,074 | INFO | [시도] 678/3000
2025-12-06 16:57:57,932 | INFO | [시도] 679/3000
2025-12-06 16:57:59,777 | INFO | [시도] 680/3000
2025-12-06 16:58:01,622 | INFO | [시도] 681/3000
2025-12-06 16:58:03,497 | INFO | [시도] 682/3000
2025-12-06 16:58:05,341 | INFO | [시도] 683/3000
2025-12-06 16:58:07,186 | INFO | [시도] 684/3000
2025-12-06 16:58:09,032 | INFO | [시도] 685/3000
2025-12-06 16:58:10,876 | INFO | [시도] 686/3000
2025-12-06 16:58:12,721 | INFO | [시도] 687/3000
2025-12-06 16:58:14,567 | INFO | [시도] 688/3000
2025-12-06 16:58:16,411 | INFO | [시도] 689/3000
2025-12-06 16:58:18,256 | INFO | [시도] 690/3000
2025-12-06 16:58:20,102 | INFO | [시도] 691/3000
2025-12-06 16:58:21,962 | INFO | [시도] 692/3000
2025-12-06 16:58:23,807 | INFO | [시도] 693/3000
2025-12-06 16:58:25,652 | INFO | [시도] 694/3000
2025-12-06 16:58:27,497 | INFO | [시도] 695/3000
2025-12-06 16:58:29,342 | INFO | [시도] 696/3000
2025-12-06 16:58:31,186 | INFO | [시도] 697/3000
2025-12-06 16:58:33,032 | INFO | [시도] 698/3000
2025-12-06 16:58:34,877 | INFO | [시도] 699/3000
2025-12-06 16:58:36,722 | INFO | [시도] 700/3000
2025-12-06 16:58:38,566 | INFO | [시도] 701/3000
2025-12-06 16:58:40,411 | INFO | [시도] 702/3000
2025-12-06 16:58:42,256 | INFO | [시도] 703/3000
2025-12-06 16:58:44,101 | INFO | [시도] 704/3000
2025-12-06 16:58:45,947 | INFO | [시도] 705/3000
2025-12-06 16:58:47,806 | INFO | [시도] 706/3000
2025-12-06 16:58:49,651 | INFO | [시도] 707/3000
2025-12-06 16:58:51,498 | INFO | [시도] 708/3000
2025-12-06 16:58:53,357 | INFO | [시도] 709/3000
2025-12-06 16:58:55,201 | INFO | [시도] 710/3000
2025-12-06 16:58:57,047 | INFO | [시도] 711/3000
2025-12-06 16:58:58,891 | INFO | [시도] 712/3000
2025-12-06 16:59:00,737 | INFO | [시도] 713/3000
2025-12-06 16:59:02,582 | INFO | [시도] 714/3000
2025-12-06 16:59:04,426 | INFO | [시도] 715/3000
2025-12-06 16:59:06,272 | INFO | [시도] 716/3000
2025-12-06 16:59:08,117 | INFO | [시도] 717/3000
2025-12-06 16:59:09,962 | INFO | [시도] 718/3000
2025-12-06 16:59:11,807 | INFO | [시도] 719/3000
2025-12-06 16:59:13,651 | INFO | [시도] 720/3000
2025-12-06 16:59:15,497 | INFO | [시도] 721/3000
2025-12-06 16:59:17,341 | INFO | [시도] 722/3000
2025-12-06 16:59:19,188 | INFO | [시도] 723/3000
2025-12-06 16:59:21,046 | INFO | [시도] 724/3000
2025-12-06 16:59:22,891 | INFO | [시도] 725/3000
2025-12-06 16:59:24,736 | INFO | [시도] 726/3000
2025-12-06 16:59:26,581 | INFO | [시도] 727/3000
2025-12-06 16:59:28,427 | INFO | [시도] 728/3000
2025-12-06 16:59:30,272 | INFO | [시도] 729/3000
2025-12-06 16:59:32,116 | INFO | [시도] 730/3000
2025-12-06 16:59:33,962 | INFO | [시도] 731/3000
2025-12-06 16:59:35,808 | INFO | [시도] 732/3000
2025-12-06 16:59:37,667 | INFO | [시도] 733/3000
2025-12-06 16:59:39,512 | INFO | [시도] 734/3000
2025-12-06 16:59:41,356 | INFO | [시도] 735/3000
2025-12-06 16:59:43,201 | INFO | [시도] 736/3000
2025-12-06 16:59:45,047 | INFO | [시도] 737/3000
2025-12-06 16:59:46,892 | INFO | [시도] 738/3000
2025-12-06 16:59:48,736 | INFO | [시도] 739/3000
2025-12-06 16:59:50,581 | INFO | [시도] 740/3000
2025-12-06 16:59:52,426 | INFO | [시도] 741/3000
2025-12-06 16:59:54,271 | INFO | [시도] 742/3000
2025-12-06 16:59:56,117 | INFO | [시도] 743/3000
2025-12-06 16:59:57,961 | INFO | [시도] 744/3000
2025-12-06 16:59:59,807 | INFO | [시도] 745/3000
2025-12-06 17:00:01,652 | INFO | [시도] 746/3000
2025-12-06 17:00:03,497 | INFO | [시도] 747/3000
2025-12-06 17:00:05,360 | INFO | [시도] 748/3000
2025-12-06 17:00:07,216 | INFO | [시도] 749/3000
2025-12-06 17:00:09,061 | INFO | [시도] 750/3000
2025-12-06 17:00:10,914 | INFO | [시도] 751/3000
2025-12-06 17:00:12,766 | INFO | [시도] 752/3000
2025-12-06 17:00:14,611 | INFO | [시도] 753/3000
2025-12-06 17:00:16,457 | INFO | [시도] 754/3000
2025-12-06 17:00:18,318 | INFO | [시도] 755/3000
2025-12-06 17:00:20,162 | INFO | [시도] 756/3000
2025-12-06 17:00:22,008 | INFO | [시도] 757/3000
2025-12-06 17:00:23,851 | INFO | [시도] 758/3000
2025-12-06 17:00:25,697 | INFO | [시도] 759/3000
2025-12-06 17:00:27,557 | INFO | [시도] 760/3000
2025-12-06 17:00:29,404 | INFO | [시도] 761/3000
2025-12-06 17:00:31,247 | INFO | [시도] 762/3000
2025-12-06 17:00:33,093 | INFO | [시도] 763/3000
2025-12-06 17:00:34,937 | INFO | [시도] 764/3000
2025-12-06 17:00:36,783 | INFO | [시도] 765/3000
2025-12-06 17:00:38,627 | INFO | [시도] 766/3000
2025-12-06 17:00:40,472 | INFO | [시도] 767/3000
2025-12-06 17:00:42,319 | INFO | [시도] 768/3000
2025-12-06 17:00:44,177 | INFO | [시도] 769/3000
2025-12-06 17:00:46,023 | INFO | [시도] 770/3000
2025-12-06 17:00:47,868 | INFO | [시도] 771/3000
2025-12-06 17:00:49,713 | INFO | [시도] 772/3000
2025-12-06 17:00:51,557 | INFO | [시도] 773/3000
2025-12-06 17:00:53,403 | INFO | [시도] 774/3000
2025-12-06 17:00:55,247 | INFO | [시도] 775/3000
2025-12-06 17:00:57,096 | INFO | [시도] 776/3000
2025-12-06 17:00:58,953 | INFO | [시도] 777/3000
2025-12-06 17:01:00,797 | INFO | [시도] 778/3000
2025-12-06 17:01:02,643 | INFO | [시도] 779/3000
2025-12-06 17:01:04,487 | INFO | [시도] 780/3000
2025-12-06 17:01:06,333 | INFO | [시도] 781/3000
2025-12-06 17:01:08,193 | INFO | [시도] 782/3000
2025-12-06 17:01:10,038 | INFO | [시도] 783/3000
2025-12-06 17:01:11,882 | INFO | [시도] 784/3000
2025-12-06 17:01:13,727 | INFO | [시도] 785/3000
2025-12-06 17:01:15,572 | INFO | [시도] 786/3000
2025-12-06 17:01:17,417 | INFO | [시도] 787/3000
2025-12-06 17:01:19,263 | INFO | [시도] 788/3000
2025-12-06 17:01:21,107 | INFO | [시도] 789/3000
2025-12-06 17:01:22,952 | INFO | [시도] 790/3000
2025-12-06 17:01:24,797 | INFO | [시도] 791/3000
2025-12-06 17:01:26,643 | INFO | [시도] 792/3000
2025-12-06 17:01:28,502 | INFO | [시도] 793/3000
2025-12-06 17:01:30,347 | INFO | [시도] 794/3000
2025-12-06 17:01:32,192 | INFO | [시도] 795/3000
2025-12-06 17:01:34,038 | INFO | [시도] 796/3000
2025-12-06 17:01:35,883 | INFO | [시도] 797/3000
2025-12-06 17:01:37,727 | INFO | [시도] 798/3000
2025-12-06 17:01:39,572 | INFO | [시도] 799/3000
2025-12-06 17:01:41,417 | INFO | [시도] 800/3000
2025-12-06 17:01:43,263 | INFO | [시도] 801/3000
2025-12-06 17:01:45,123 | INFO | [시도] 802/3000
2025-12-06 17:01:46,967 | INFO | [시도] 803/3000
2025-12-06 17:01:48,813 | INFO | [시도] 804/3000
2025-12-06 17:01:50,657 | INFO | [시도] 805/3000
2025-12-06 17:01:52,502 | INFO | [시도] 806/3000
2025-12-06 17:01:54,347 | INFO | [시도] 807/3000
2025-12-06 17:01:56,193 | INFO | [시도] 808/3000
2025-12-06 17:01:58,037 | INFO | [시도] 809/3000
2025-12-06 17:01:59,883 | INFO | [시도] 810/3000
2025-12-06 17:02:01,728 | INFO | [시도] 811/3000
2025-12-06 17:02:03,573 | INFO | [시도] 812/3000
2025-12-06 17:02:05,433 | INFO | [시도] 813/3000
2025-12-06 17:02:07,278 | INFO | [시도] 814/3000
2025-12-06 17:02:09,122 | INFO | [시도] 815/3000
2025-12-06 17:02:10,967 | INFO | [시도] 816/3000
2025-12-06 17:02:12,813 | INFO | [시도] 817/3000
2025-12-06 17:02:14,664 | INFO | [시도] 818/3000
2025-12-06 17:02:16,517 | INFO | [시도] 819/3000
2025-12-06 17:02:18,363 | INFO | [시도] 820/3000
2025-12-06 17:02:20,208 | INFO | [시도] 821/3000
2025-12-06 17:02:22,053 | INFO | [시도] 822/3000
2025-12-06 17:02:23,897 | INFO | [시도] 823/3000
2025-12-06 17:02:25,743 | INFO | [시도] 824/3000
2025-12-06 17:02:27,589 | INFO | [시도] 825/3000
2025-12-06 17:02:29,434 | INFO | [시도] 826/3000
2025-12-06 17:02:31,278 | INFO | [시도] 827/3000
2025-12-06 17:02:33,123 | INFO | [시도] 828/3000
2025-12-06 17:02:34,967 | INFO | [시도] 829/3000
2025-12-06 17:02:36,812 | INFO | [시도] 830/3000
2025-12-06 17:02:38,658 | INFO | [시도] 831/3000
2025-12-06 17:02:40,518 | INFO | [시도] 832/3000
2025-12-06 17:02:42,362 | INFO | [시도] 833/3000
2025-12-06 17:02:44,207 | INFO | [시도] 834/3000
2025-12-06 17:02:46,052 | INFO | [시도] 835/3000
2025-12-06 17:02:47,897 | INFO | [시도] 836/3000
2025-12-06 17:02:49,742 | INFO | [시도] 837/3000
2025-12-06 17:02:51,587 | INFO | [시도] 838/3000
2025-12-06 17:02:53,432 | INFO | [시도] 839/3000
2025-12-06 17:02:55,278 | INFO | [시도] 840/3000
2025-12-06 17:02:57,137 | INFO | [시도] 841/3000
2025-12-06 17:02:58,983 | INFO | [시도] 842/3000
2025-12-06 17:03:00,827 | INFO | [시도] 843/3000
2025-12-06 17:03:02,673 | INFO | [시도] 844/3000
2025-12-06 17:03:04,519 | INFO | [시도] 845/3000
2025-12-06 17:03:06,379 | INFO | [시도] 846/3000
2025-12-06 17:03:08,237 | INFO | [시도] 847/3000
2025-12-06 17:03:10,084 | INFO | [시도] 848/3000
2025-12-06 17:03:11,942 | INFO | [시도] 849/3000
2025-12-06 17:03:13,788 | INFO | [시도] 850/3000
2025-12-06 17:03:15,639 | INFO | [시도] 851/3000
2025-12-06 17:03:17,493 | INFO | [시도] 852/3000
2025-12-06 17:03:19,337 | INFO | [시도] 853/3000
2025-12-06 17:03:21,182 | INFO | [시도] 854/3000
2025-12-06 17:03:23,029 | INFO | [시도] 855/3000
2025-12-06 17:03:24,872 | INFO | [시도] 856/3000
2025-12-06 17:03:26,717 | INFO | [시도] 857/3000
2025-12-06 17:03:28,562 | INFO | [시도] 858/3000
2025-12-06 17:03:30,408 | INFO | [시도] 859/3000
2025-12-06 17:03:32,253 | INFO | [시도] 860/3000
2025-12-06 17:03:34,097 | INFO | [시도] 861/3000
2025-12-06 17:03:35,942 | INFO | [시도] 862/3000
2025-12-06 17:03:37,787 | INFO | [시도] 863/3000
2025-12-06 17:03:39,633 | INFO | [시도] 864/3000
2025-12-06 17:03:41,477 | INFO | [시도] 865/3000
2025-12-06 17:03:43,322 | INFO | [시도] 866/3000
2025-12-06 17:03:45,167 | INFO | [시도] 867/3000
2025-12-06 17:03:47,012 | INFO | [시도] 868/3000
2025-12-06 17:03:48,857 | INFO | [시도] 869/3000
2025-12-06 17:03:50,702 | INFO | [시도] 870/3000
2025-12-06 17:03:52,548 | INFO | [시도] 871/3000
2025-12-06 17:03:54,393 | INFO | [시도] 872/3000
2025-12-06 17:03:56,238 | INFO | [시도] 873/3000
2025-12-06 17:03:58,083 | INFO | [시도] 874/3000
2025-12-06 17:03:59,932 | INFO | [시도] 875/3000
2025-12-06 17:04:01,787 | INFO | [시도] 876/3000
2025-12-06 17:04:03,632 | INFO | [시도] 877/3000
2025-12-06 17:04:05,477 | INFO | [시도] 878/3000
2025-12-06 17:04:07,323 | INFO | [시도] 879/3000
2025-12-06 17:04:09,167 | INFO | [시도] 880/3000
2025-12-06 17:04:11,012 | INFO | [시도] 881/3000
2025-12-06 17:04:12,857 | INFO | [시도] 882/3000
2025-12-06 17:04:14,702 | INFO | [시도] 883/3000
2025-12-06 17:04:16,547 | INFO | [시도] 884/3000
2025-12-06 17:04:18,394 | INFO | [시도] 885/3000
2025-12-06 17:04:20,237 | INFO | [시도] 886/3000
2025-12-06 17:04:22,082 | INFO | [시도] 887/3000
2025-12-06 17:04:23,927 | INFO | [시도] 888/3000
2025-12-06 17:04:25,772 | INFO | [시도] 889/3000
2025-12-06 17:04:27,617 | INFO | [시도] 890/3000
2025-12-06 17:04:29,464 | INFO | [시도] 891/3000
2025-12-06 17:04:31,322 | INFO | [시도] 892/3000
2025-12-06 17:04:33,168 | INFO | [시도] 893/3000
2025-12-06 17:04:35,013 | INFO | [시도] 894/3000
2025-12-06 17:04:36,857 | INFO | [시도] 895/3000
2025-12-06 17:04:38,702 | INFO | [시도] 896/3000
2025-12-06 17:04:40,547 | INFO | [시도] 897/3000
2025-12-06 17:04:42,393 | INFO | [시도] 898/3000
2025-12-06 17:04:44,238 | INFO | [시도] 899/3000
2025-12-06 17:04:46,083 | INFO | [시도] 900/3000
2025-12-06 17:04:47,928 | INFO | [시도] 901/3000
2025-12-06 17:04:49,775 | INFO | [시도] 902/3000
2025-12-06 17:04:51,619 | INFO | [시도] 903/3000
2025-12-06 17:04:53,479 | INFO | [시도] 904/3000
2025-12-06 17:04:55,324 | INFO | [시도] 905/3000
2025-12-06 17:04:57,169 | INFO | [시도] 906/3000
2025-12-06 17:04:59,029 | INFO | [시도] 907/3000
2025-12-06 17:05:00,874 | INFO | [시도] 908/3000
2025-12-06 17:05:02,719 | INFO | [시도] 909/3000
2025-12-06 17:05:04,563 | INFO | [시도] 910/3000
2025-12-06 17:05:06,409 | INFO | [시도] 911/3000
2025-12-06 17:05:08,255 | INFO | [시도] 912/3000
2025-12-06 17:05:10,114 | INFO | [시도] 913/3000
2025-12-06 17:05:11,958 | INFO | [시도] 914/3000
2025-12-06 17:05:13,803 | INFO | [시도] 915/3000
2025-12-06 17:05:15,649 | INFO | [시도] 916/3000
2025-12-06 17:05:17,493 | INFO | [시도] 917/3000
2025-12-06 17:05:19,341 | INFO | [시도] 918/3000
2025-12-06 17:05:21,200 | INFO | [시도] 919/3000
2025-12-06 17:05:23,058 | INFO | [시도] 920/3000
2025-12-06 17:05:24,905 | INFO | [시도] 921/3000
2025-12-06 17:05:26,763 | INFO | [시도] 922/3000
2025-12-06 17:05:28,608 | INFO | [시도] 923/3000
2025-12-06 17:05:30,454 | INFO | [시도] 924/3000
2025-12-06 17:05:32,299 | INFO | [시도] 925/3000
2025-12-06 17:05:34,143 | INFO | [시도] 926/3000
2025-12-06 17:05:35,988 | INFO | [시도] 927/3000
2025-12-06 17:05:37,833 | INFO | [시도] 928/3000
2025-12-06 17:05:39,679 | INFO | [시도] 929/3000
2025-12-06 17:05:41,524 | INFO | [시도] 930/3000
2025-12-06 17:05:43,383 | INFO | [시도] 931/3000
2025-12-06 17:05:45,228 | INFO | [시도] 932/3000
2025-12-06 17:05:47,074 | INFO | [시도] 933/3000
2025-12-06 17:05:48,919 | INFO | [시도] 934/3000
2025-12-06 17:05:50,763 | INFO | [시도] 935/3000
2025-12-06 17:05:52,611 | INFO | [시도] 936/3000
2025-12-06 17:05:54,468 | INFO | [시도] 937/3000
2025-12-06 17:05:56,313 | INFO | [시도] 938/3000
2025-12-06 17:05:58,158 | INFO | [시도] 939/3000
2025-12-06 17:06:00,003 | INFO | [시도] 940/3000
2025-12-06 17:06:01,848 | INFO | [시도] 941/3000
2025-12-06 17:06:03,693 | INFO | [시도] 942/3000
2025-12-06 17:06:05,539 | INFO | [시도] 943/3000
2025-12-06 17:06:07,384 | INFO | [시도] 944/3000
2025-12-06 17:06:09,232 | INFO | [시도] 945/3000
2025-12-06 17:06:11,089 | INFO | [시도] 946/3000
2025-12-06 17:06:12,933 | INFO | [시도] 947/3000
2025-12-06 17:06:14,778 | INFO | [시도] 948/3000
2025-12-06 17:06:16,623 | INFO | [시도] 949/3000
2025-12-06 17:06:18,468 | INFO | [시도] 950/3000
2025-12-06 17:06:20,313 | INFO | [시도] 951/3000
2025-12-06 17:06:22,189 | INFO | [시도] 952/3000
2025-12-06 17:06:24,034 | INFO | [시도] 953/3000
2025-12-06 17:06:25,879 | INFO | [시도] 954/3000
2025-12-06 17:06:27,738 | INFO | [시도] 955/3000
2025-12-06 17:06:29,583 | INFO | [시도] 956/3000
2025-12-06 17:06:31,428 | INFO | [시도] 957/3000
2025-12-06 17:06:33,274 | INFO | [시도] 958/3000
2025-12-06 17:06:35,118 | INFO | [시도] 959/3000
2025-12-06 17:06:36,964 | INFO | [시도] 960/3000
2025-12-06 17:06:38,808 | INFO | [시도] 961/3000
2025-12-06 17:06:40,653 | INFO | [시도] 962/3000
2025-12-06 17:06:42,499 | INFO | [시도] 963/3000
2025-12-06 17:06:44,359 | INFO | [시도] 964/3000
2025-12-06 17:06:46,204 | INFO | [시도] 965/3000
2025-12-06 17:06:48,063 | INFO | [시도] 966/3000
2025-12-06 17:06:49,908 | INFO | [시도] 967/3000
2025-12-06 17:06:51,754 | INFO | [시도] 968/3000
2025-12-06 17:06:53,599 | INFO | [시도] 969/3000
2025-12-06 17:06:55,459 | INFO | [시도] 970/3000
2025-12-06 17:06:57,303 | INFO | [시도] 971/3000
2025-12-06 17:06:59,148 | INFO | [시도] 972/3000
2025-12-06 17:07:00,993 | INFO | [시도] 973/3000
2025-12-06 17:07:02,838 | INFO | [시도] 974/3000
2025-12-06 17:07:04,685 | INFO | [시도] 975/3000
2025-12-06 17:07:06,528 | INFO | [시도] 976/3000
2025-12-06 17:07:08,373 | INFO | [시도] 977/3000
2025-12-06 17:07:10,219 | INFO | [시도] 978/3000
2025-12-06 17:07:12,063 | INFO | [시도] 979/3000
2025-12-06 17:07:13,908 | INFO | [시도] 980/3000
2025-12-06 17:07:15,754 | INFO | [시도] 981/3000
2025-12-06 17:07:17,598 | INFO | [시도] 982/3000
2025-12-06 17:07:19,443 | INFO | [시도] 983/3000
2025-12-06 17:07:21,298 | INFO | [시도] 984/3000
2025-12-06 17:07:23,148 | INFO | [시도] 985/3000
2025-12-06 17:07:24,993 | INFO | [시도] 986/3000
2025-12-06 17:07:26,838 | INFO | [시도] 987/3000
2025-12-06 17:07:28,683 | INFO | [시도] 988/3000
2025-12-06 17:07:30,530 | INFO | [시도] 989/3000
2025-12-06 17:07:32,388 | INFO | [시도] 990/3000
2025-12-06 17:07:34,234 | INFO | [시도] 991/3000
2025-12-06 17:07:36,078 | INFO | [시도] 992/3000
2025-12-06 17:07:37,923 | INFO | [시도] 993/3000
2025-12-06 17:07:39,768 | INFO | [시도] 994/3000
2025-12-06 17:07:40,274 | WARNING | [ALERT] '파일을 찾을 수 없습니다.' -> 자동확인
2025-12-06 17:07:40,594 | INFO | [시도] 995/3000
2025-12-06 17:07:41,099 | WARNING | [ALERT] '파일을 찾을 수 없습니다.' -> 자동확인
2025-12-06 17:07:41,419 | INFO | [시도] 996/3000
2025-12-06 17:07:41,924 | WARNING | [ALERT] '파일을 찾을 수 없습니다.' -> 자동확인
2025-12-06 17:07:42,244 | INFO | [시도] 997/3000
2025-12-06 17:07:42,749 | WARNING | [ALERT] '파일을 찾을 수 없습니다.' -> 자동확인
2025-12-06 17:07:43,069 | INFO | [시도] 998/3000
2025-12-06 17:07:43,574 | WARNING | [ALERT] '파일을 찾을 수 없습니다.' -> 자동확인
2025-12-06 17:07:43,893 | INFO | [시도] 999/3000
2025-12-06 17:07:44,399 | WARNING | [ALERT] '파일을 찾을 수 없습니다.' -> 자동확인
2025-12-06 17:07:44,719 | INFO | [시도] 1000/3000
2025-12-06 17:07:46,563 | INFO | [시도] 1001/3000
2025-12-06 17:07:47,069 | WARNING | [ALERT] '파일을 찾을 수 없습니다.' -> 자동확인
2025-12-06 17:07:47,389 | INFO | [시도] 1002/3000
2025-12-06 17:07:49,234 | INFO | [시도] 1003/3000
2025-12-06 17:07:51,078 | INFO | [시도] 1004/3000
2025-12-06 17:07:52,925 | INFO | [시도] 1005/3000
2025-12-06 17:07:54,768 | INFO | [시도] 1006/3000
2025-12-06 17:07:56,613 | INFO | [시도] 1007/3000
2025-12-06 17:07:58,459 | INFO | [시도] 1008/3000
2025-12-06 17:08:00,304 | INFO | [시도] 1009/3000
2025-12-06 17:08:02,150 | INFO | [시도] 1010/3000
2025-12-06 17:08:04,010 | INFO | [시도] 1011/3000
2025-12-06 17:08:05,854 | INFO | [시도] 1012/3000
2025-12-06 17:08:07,699 | INFO | [시도] 1013/3000
2025-12-06 17:08:09,543 | INFO | [시도] 1014/3000
2025-12-06 17:08:11,403 | INFO | [시도] 1015/3000
2025-12-06 17:08:13,248 | INFO | [시도] 1016/3000
2025-12-06 17:08:15,094 | INFO | [시도] 1017/3000
2025-12-06 17:08:15,599 | WARNING | [ALERT] '파일을 찾을 수 없습니다.' -> 자동확인
2025-12-06 17:08:15,919 | INFO | [시도] 1018/3000
2025-12-06 17:08:17,780 | INFO | [시도] 1019/3000
2025-12-06 17:08:18,284 | WARNING | [ALERT] '파일을 찾을 수 없습니다.' -> 자동확인
2025-12-06 17:08:18,606 | INFO | [시도] 1020/3000
2025-12-06 17:08:19,124 | WARNING | [ALERT] '파일을 찾을 수 없습니다.' -> 자동확인
2025-12-06 17:08:19,444 | INFO | [시도] 1021/3000
2025-12-06 17:08:21,288 | INFO | [시도] 1022/3000
2025-12-06 17:08:23,134 | INFO | [시도] 1023/3000
2025-12-06 17:08:24,979 | INFO | [시도] 1024/3000
2025-12-06 17:08:26,824 | INFO | [시도] 1025/3000
2025-12-06 17:08:28,670 | INFO | [시도] 1026/3000
2025-12-06 17:08:30,528 | INFO | [시도] 1027/3000
2025-12-06 17:08:32,373 | INFO | [시도] 1028/3000
2025-12-06 17:08:34,219 | INFO | [시도] 1029/3000
2025-12-06 17:08:36,063 | INFO | [시도] 1030/3000
2025-12-06 17:08:37,913 | INFO | [시도] 1031/3000
2025-12-06 17:08:39,768 | INFO | [시도] 1032/3000
2025-12-06 17:08:41,613 | INFO | [시도] 1033/3000
2025-12-06 17:08:43,461 | INFO | [시도] 1034/3000
2025-12-06 17:08:45,318 | INFO | [시도] 1035/3000
2025-12-06 17:08:47,163 | INFO | [시도] 1036/3000
2025-12-06 17:08:49,010 | INFO | [시도] 1037/3000
2025-12-06 17:08:50,868 | INFO | [시도] 1038/3000
2025-12-06 17:08:52,713 | INFO | [시도] 1039/3000
2025-12-06 17:08:54,560 | INFO | [시도] 1040/3000
2025-12-06 17:08:56,419 | INFO | [시도] 1041/3000
2025-12-06 17:08:58,263 | INFO | [시도] 1042/3000
2025-12-06 17:09:00,109 | INFO | [시도] 1043/3000
2025-12-06 17:09:01,954 | INFO | [시도] 1044/3000
2025-12-06 17:09:03,798 | INFO | [시도] 1045/3000
2025-12-06 17:09:05,643 | INFO | [시도] 1046/3000
2025-12-06 17:09:07,519 | INFO | [시도] 1047/3000
2025-12-06 17:09:09,364 | INFO | [시도] 1048/3000
2025-12-06 17:09:11,210 | INFO | [시도] 1049/3000
2025-12-06 17:09:13,068 | INFO | [시도] 1050/3000
2025-12-06 17:09:14,913 | INFO | [시도] 1051/3000
2025-12-06 17:09:16,759 | INFO | [시도] 1052/3000
2025-12-06 17:09:18,619 | INFO | [시도] 1053/3000
2025-12-06 17:09:20,464 | INFO | [시도] 1054/3000
2025-12-06 17:09:22,309 | INFO | [시도] 1055/3000
2025-12-06 17:09:24,155 | INFO | [시도] 1056/3000
2025-12-06 17:09:24,659 | WARNING | [ALERT] '파일을 찾을 수 없습니다.' -> 자동확인
2025-12-06 17:09:24,979 | INFO | [시도] 1057/3000
2025-12-06 17:09:26,825 | INFO | [시도] 1058/3000
2025-12-06 17:09:28,669 | INFO | [시도] 1059/3000
2025-12-06 17:09:30,513 | INFO | [시도] 1060/3000
2025-12-06 17:09:32,358 | INFO | [시도] 1061/3000
2025-12-06 17:09:34,203 | INFO | [시도] 1062/3000
2025-12-06 17:09:36,049 | INFO | [시도] 1063/3000
2025-12-06 17:09:37,893 | INFO | [시도] 1064/3000
2025-12-06 17:09:39,769 | INFO | [시도] 1065/3000
2025-12-06 17:09:41,613 | INFO | [시도] 1066/3000
2025-12-06 17:09:43,460 | INFO | [시도] 1067/3000
2025-12-06 17:09:45,318 | INFO | [시도] 1068/3000
2025-12-06 17:09:47,165 | INFO | [시도] 1069/3000
2025-12-06 17:09:49,024 | INFO | [시도] 1070/3000
2025-12-06 17:09:50,884 | INFO | [시도] 1071/3000
2025-12-06 17:09:51,389 | WARNING | [ALERT] '파일을 찾을 수 없습니다.' -> 자동확인
2025-12-06 17:09:51,709 | INFO | [시도] 1072/3000
2025-12-06 17:09:53,554 | INFO | [시도] 1073/3000
2025-12-06 17:09:55,398 | INFO | [시도] 1074/3000
2025-12-06 17:09:57,245 | INFO | [시도] 1075/3000
2025-12-06 17:09:59,104 | INFO | [시도] 1076/3000
2025-12-06 17:10:00,965 | INFO | [시도] 1077/3000
2025-12-06 17:10:01,484 | WARNING | [ALERT] '파일을 찾을 수 없습니다.' -> 자동확인
2025-12-06 17:10:01,804 | INFO | [시도] 1078/3000
2025-12-06 17:10:03,649 | INFO | [시도] 1079/3000
2025-12-06 17:10:05,509 | INFO | [시도] 1080/3000
2025-12-06 17:10:07,353 | INFO | [시도] 1081/3000
2025-12-06 17:10:09,199 | INFO | [시도] 1082/3000
2025-12-06 17:10:11,044 | INFO | [시도] 1083/3000
2025-12-06 17:10:12,888 | INFO | [시도] 1084/3000
2025-12-06 17:10:14,733 | INFO | [시도] 1085/3000
2025-12-06 17:10:16,579 | INFO | [시도] 1086/3000
2025-12-06 17:10:18,424 | INFO | [시도] 1087/3000
2025-12-06 17:10:20,269 | INFO | [시도] 1088/3000
2025-12-06 17:10:22,114 | INFO | [시도] 1089/3000
2025-12-06 17:10:23,959 | INFO | [시도] 1090/3000
2025-12-06 17:10:25,803 | INFO | [시도] 1091/3000
2025-12-06 17:10:27,649 | INFO | [시도] 1092/3000
2025-12-06 17:10:29,494 | INFO | [시도] 1093/3000
2025-12-06 17:10:31,340 | INFO | [시도] 1094/3000
2025-12-06 17:10:33,184 | INFO | [시도] 1095/3000
2025-12-06 17:10:35,029 | INFO | [시도] 1096/3000
2025-12-06 17:10:36,875 | INFO | [시도] 1097/3000
2025-12-06 17:10:38,734 | INFO | [시도] 1098/3000
2025-12-06 17:10:40,579 | INFO | [시도] 1099/3000
2025-12-06 17:10:42,423 | INFO | [시도] 1100/3000
2025-12-06 17:10:44,268 | INFO | [시도] 1101/3000
2025-12-06 17:10:46,113 | INFO | [시도] 1102/3000
2025-12-06 17:10:47,958 | INFO | [시도] 1103/3000
2025-12-06 17:10:49,803 | INFO | [시도] 1104/3000
2025-12-06 17:10:51,648 | INFO | [시도] 1105/3000
2025-12-06 17:10:53,496 | INFO | [시도] 1106/3000
2025-12-06 17:10:55,354 | INFO | [시도] 1107/3000
2025-12-06 17:10:57,199 | INFO | [시도] 1108/3000
2025-12-06 17:10:59,044 | INFO | [시도] 1109/3000
2025-12-06 17:11:00,889 | INFO | [시도] 1110/3000
2025-12-06 17:11:02,733 | INFO | [시도] 1111/3000
2025-12-06 17:11:04,579 | INFO | [시도] 1112/3000
2025-12-06 17:11:06,423 | INFO | [시도] 1113/3000
2025-12-06 17:11:08,268 | INFO | [시도] 1114/3000
2025-12-06 17:11:10,115 | INFO | [시도] 1115/3000
2025-12-06 17:11:11,973 | INFO | [시도] 1116/3000
2025-12-06 17:11:13,818 | INFO | [시도] 1117/3000
2025-12-06 17:11:15,663 | INFO | [시도] 1118/3000
2025-12-06 17:11:17,509 | INFO | [시도] 1119/3000
2025-12-06 17:11:19,353 | INFO | [시도] 1120/3000
2025-12-06 17:11:21,199 | INFO | [시도] 1121/3000
2025-12-06 17:11:23,044 | INFO | [시도] 1122/3000
2025-12-06 17:11:23,549 | WARNING | [ALERT] '파일을 찾을 수 없습니다.' -> 자동확인
2025-12-06 17:11:23,869 | INFO | [시도] 1123/3000
2025-12-06 17:11:24,374 | WARNING | [ALERT] '파일을 찾을 수 없습니다.' -> 자동확인
2025-12-06 17:11:24,695 | INFO | [시도] 1124/3000
2025-12-06 17:11:25,214 | WARNING | [ALERT] '파일을 찾을 수 없습니다.' -> 자동확인
2025-12-06 17:11:25,534 | INFO | [시도] 1125/3000
2025-12-06 17:11:27,382 | INFO | [시도] 1126/3000
2025-12-06 17:11:29,238 | INFO | [시도] 1127/3000
2025-12-06 17:11:31,083 | INFO | [시도] 1128/3000
2025-12-06 17:11:32,928 | INFO | [시도] 1129/3000
2025-12-06 17:11:34,773 | INFO | [시도] 1130/3000
2025-12-06 17:11:36,618 | INFO | [시도] 1131/3000
2025-12-06 17:11:38,464 | INFO | [시도] 1132/3000
2025-12-06 17:11:40,308 | INFO | [시도] 1133/3000
2025-12-06 17:11:42,154 | INFO | [시도] 1134/3000
2025-12-06 17:11:44,013 | INFO | [시도] 1135/3000
2025-12-06 17:11:45,858 | INFO | [시도] 1136/3000
2025-12-06 17:11:46,364 | WARNING | [ALERT] '파일을 찾을 수 없습니다.' -> 자동확인
2025-12-06 17:11:46,684 | INFO | [시도] 1137/3000
2025-12-06 17:11:48,528 | INFO | [시도] 1138/3000
2025-12-06 17:11:50,374 | INFO | [시도] 1139/3000
2025-12-06 17:11:52,219 | INFO | [시도] 1140/3000
2025-12-06 17:11:54,064 | INFO | [시도] 1141/3000
2025-12-06 17:11:55,908 | INFO | [시도] 1142/3000
2025-12-06 17:11:57,753 | INFO | [시도] 1143/3000
2025-12-06 17:11:59,598 | INFO | [시도] 1144/3000
2025-12-06 17:12:01,444 | INFO | [시도] 1145/3000
2025-12-06 17:12:03,288 | INFO | [시도] 1146/3000
2025-12-06 17:12:05,133 | INFO | [시도] 1147/3000
2025-12-06 17:12:06,979 | INFO | [시도] 1148/3000
2025-12-06 17:12:08,824 | INFO | [시도] 1149/3000
2025-12-06 17:12:10,669 | INFO | [시도] 1150/3000
2025-12-06 17:12:12,513 | INFO | [시도] 1151/3000
2025-12-06 17:12:14,359 | INFO | [시도] 1152/3000
2025-12-06 17:12:16,221 | INFO | [시도] 1153/3000
2025-12-06 17:12:18,078 | INFO | [시도] 1154/3000
2025-12-06 17:12:19,923 | INFO | [시도] 1155/3000
2025-12-06 17:12:21,769 | INFO | [시도] 1156/3000
2025-12-06 17:12:23,614 | INFO | [시도] 1157/3000
2025-12-06 17:12:25,458 | INFO | [시도] 1158/3000
2025-12-06 17:12:27,303 | INFO | [시도] 1159/3000
2025-12-06 17:12:29,148 | INFO | [시도] 1160/3000
2025-12-06 17:12:30,999 | INFO | [시도] 1161/3000
2025-12-06 17:12:31,514 | WARNING | [ALERT] '파일을 찾을 수 없습니다.' -> 자동확인
2025-12-06 17:12:31,834 | INFO | [시도] 1162/3000
2025-12-06 17:12:33,678 | INFO | [시도] 1163/3000
2025-12-06 17:12:35,524 | INFO | [시도] 1164/3000
2025-12-06 17:12:37,369 | INFO | [시도] 1165/3000
2025-12-06 17:12:39,215 | INFO | [시도] 1166/3000
2025-12-06 17:12:41,073 | INFO | [시도] 1167/3000
2025-12-06 17:12:42,919 | INFO | [시도] 1168/3000
2025-12-06 17:12:44,763 | INFO | [시도] 1169/3000
2025-12-06 17:12:46,608 | INFO | [시도] 1170/3000
2025-12-06 17:12:48,454 | INFO | [시도] 1171/3000
2025-12-06 17:12:50,298 | INFO | [시도] 1172/3000
2025-12-06 17:12:52,144 | INFO | [시도] 1173/3000
2025-12-06 17:12:53,988 | INFO | [시도] 1174/3000
2025-12-06 17:12:55,833 | INFO | [시도] 1175/3000
2025-12-06 17:12:57,678 | INFO | [시도] 1176/3000
2025-12-06 17:12:59,523 | INFO | [시도] 1177/3000
2025-12-06 17:13:01,369 | INFO | [시도] 1178/3000
2025-12-06 17:13:03,215 | INFO | [시도] 1179/3000
2025-12-06 17:13:05,073 | INFO | [시도] 1180/3000
2025-12-06 17:13:06,919 | INFO | [시도] 1181/3000
2025-12-06 17:13:08,763 | INFO | [시도] 1182/3000
2025-12-06 17:13:10,609 | INFO | [시도] 1183/3000
2025-12-06 17:13:12,455 | INFO | [시도] 1184/3000
2025-12-06 17:13:14,313 | INFO | [시도] 1185/3000
2025-12-06 17:13:16,159 | INFO | [시도] 1186/3000
2025-12-06 17:13:18,003 | INFO | [시도] 1187/3000
2025-12-06 17:13:19,849 | INFO | [시도] 1188/3000
2025-12-06 17:13:21,709 | INFO | [시도] 1189/3000
2025-12-06 17:13:23,553 | INFO | [시도] 1190/3000
2025-12-06 17:13:24,059 | WARNING | [ALERT] '파일을 찾을 수 없습니다.' -> 자동확인
2025-12-06 17:13:24,379 | INFO | [시도] 1191/3000
2025-12-06 17:13:24,899 | WARNING | [ALERT] '파일을 찾을 수 없습니다.' -> 자동확인
2025-12-06 17:13:25,219 | INFO | [시도] 1192/3000
2025-12-06 17:13:25,724 | WARNING | [ALERT] '파일을 찾을 수 없습니다.' -> 자동확인
2025-12-06 17:13:26,045 | INFO | [시도] 1193/3000
2025-12-06 17:13:26,564 | WARNING | [ALERT] '파일을 찾을 수 없습니다.' -> 자동확인
2025-12-06 17:13:26,884 | INFO | [시도] 1194/3000
2025-12-06 17:13:27,404 | WARNING | [ALERT] '파일을 찾을 수 없습니다.' -> 자동확인
2025-12-06 17:13:27,724 | INFO | [시도] 1195/3000
2025-12-06 17:13:29,570 | INFO | [시도] 1196/3000
2025-12-06 17:13:31,413 | INFO | [시도] 1197/3000
2025-12-06 17:13:33,258 | INFO | [시도] 1198/3000
2025-12-06 17:13:35,105 | INFO | [시도] 1199/3000
2025-12-06 17:13:36,963 | INFO | [시도] 1200/3000
2025-12-06 17:13:38,810 | INFO | [시도] 1201/3000
2025-12-06 17:13:40,669 | INFO | [시도] 1202/3000
2025-12-06 17:13:42,513 | INFO | [시도] 1203/3000
2025-12-06 17:13:44,358 | INFO | [시도] 1204/3000
2025-12-06 17:13:46,203 | INFO | [시도] 1205/3000
2025-12-06 17:13:48,048 | INFO | [시도] 1206/3000
2025-12-06 17:13:49,894 | INFO | [시도] 1207/3000
2025-12-06 17:13:51,739 | INFO | [시도] 1208/3000
2025-12-06 17:13:53,584 | INFO | [시도] 1209/3000
2025-12-06 17:13:55,444 | INFO | [시도] 1210/3000
2025-12-06 17:13:57,303 | INFO | [시도] 1211/3000
2025-12-06 17:13:59,150 | INFO | [시도] 1212/3000
2025-12-06 17:14:00,993 | INFO | [시도] 1213/3000
2025-12-06 17:14:02,842 | INFO | [시도] 1214/3000
2025-12-06 17:14:04,699 | INFO | [시도] 1215/3000
2025-12-06 17:14:06,544 | INFO | [시도] 1216/3000
2025-12-06 17:14:08,388 | INFO | [시도] 1217/3000
2025-12-06 17:14:10,233 | INFO | [시도] 1218/3000
2025-12-06 17:14:12,078 | INFO | [시도] 1219/3000
2025-12-06 17:14:13,924 | INFO | [시도] 1220/3000
2025-12-06 17:14:15,768 | INFO | [시도] 1221/3000
2025-12-06 17:14:17,614 | INFO | [시도] 1222/3000
2025-12-06 17:14:19,459 | INFO | [시도] 1223/3000
2025-12-06 17:14:21,303 | INFO | [시도] 1224/3000
2025-12-06 17:14:23,149 | INFO | [시도] 1225/3000
2025-12-06 17:14:24,993 | INFO | [시도] 1226/3000
2025-12-06 17:14:26,839 | INFO | [시도] 1227/3000
2025-12-06 17:14:28,683 | INFO | [시도] 1228/3000
2025-12-06 17:14:30,528 | INFO | [시도] 1229/3000
2025-12-06 17:14:32,373 | INFO | [시도] 1230/3000
2025-12-06 17:14:34,218 | INFO | [시도] 1231/3000
2025-12-06 17:14:34,724 | WARNING | [ALERT] '파일을 찾을 수 없습니다.' -> 자동확인
2025-12-06 17:14:35,044 | INFO | [시도] 1232/3000
2025-12-06 17:14:36,903 | INFO | [시도] 1233/3000
2025-12-06 17:14:38,748 | INFO | [시도] 1234/3000
2025-12-06 17:14:40,594 | INFO | [시도] 1235/3000
2025-12-06 17:14:42,439 | INFO | [시도] 1236/3000
2025-12-06 17:14:44,284 | INFO | [시도] 1237/3000
2025-12-06 17:14:46,131 | INFO | [시도] 1238/3000
2025-12-06 17:14:46,650 | WARNING | [ALERT] '파일을 찾을 수 없습니다.' -> 자동확인
2025-12-06 17:14:46,970 | INFO | [시도] 1239/3000
2025-12-06 17:14:48,815 | INFO | [시도] 1240/3000
2025-12-06 17:14:50,674 | INFO | [시도] 1241/3000
2025-12-06 17:14:52,553 | INFO | [시도] 1242/3000
2025-12-06 17:14:54,410 | INFO | [시도] 1243/3000
2025-12-06 17:14:56,254 | INFO | [시도] 1244/3000
2025-12-06 17:14:58,100 | INFO | [시도] 1245/3000
2025-12-06 17:14:59,945 | INFO | [시도] 1246/3000
2025-12-06 17:15:00,450 | WARNING | [ALERT] '파일을 찾을 수 없습니다.' -> 자동확인
2025-12-06 17:15:00,769 | INFO | [시도] 1247/3000
2025-12-06 17:15:02,615 | INFO | [시도] 1248/3000
2025-12-06 17:15:03,120 | WARNING | [ALERT] '파일을 찾을 수 없습니다.' -> 자동확인
2025-12-06 17:15:03,442 | INFO | [시도] 1249/3000
2025-12-06 17:15:03,960 | WARNING | [ALERT] '파일을 찾을 수 없습니다.' -> 자동확인
2025-12-06 17:15:04,280 | INFO | [시도] 1250/3000
2025-12-06 17:15:06,124 | INFO | [시도] 1251/3000
2025-12-06 17:15:06,630 | WARNING | [ALERT] '파일을 찾을 수 없습니다.' -> 자동확인
2025-12-06 17:15:06,950 | INFO | [시도] 1252/3000
2025-12-06 17:15:08,810 | INFO | [시도] 1253/3000
2025-12-06 17:15:10,654 | INFO | [시도] 1254/3000
2025-12-06 17:15:11,159 | WARNING | [ALERT] '파일을 찾을 수 없습니다.' -> 자동확인
2025-12-06 17:15:11,480 | INFO | [시도] 1255/3000
2025-12-06 17:15:13,341 | INFO | [시도] 1256/3000
2025-12-06 17:15:15,200 | INFO | [시도] 1257/3000
2025-12-06 17:15:17,044 | INFO | [시도] 1258/3000
2025-12-06 17:15:18,889 | INFO | [시도] 1259/3000
2025-12-06 17:15:19,395 | WARNING | [ALERT] '파일을 찾을 수 없습니다.' -> 자동확인
2025-12-06 17:15:19,715 | INFO | [시도] 1260/3000
2025-12-06 17:15:21,561 | INFO | [시도] 1261/3000
2025-12-06 17:15:23,419 | INFO | [시도] 1262/3000
2025-12-06 17:15:23,925 | WARNING | [ALERT] '파일을 찾을 수 없습니다.' -> 자동확인
2025-12-06 17:15:24,245 | INFO | [시도] 1263/3000
2025-12-06 17:15:24,750 | WARNING | [ALERT] '파일을 찾을 수 없습니다.' -> 자동확인
2025-12-06 17:15:25,070 | INFO | [시도] 1264/3000
2025-12-06 17:15:26,929 | INFO | [시도] 1265/3000
2025-12-06 17:15:28,775 | INFO | [시도] 1266/3000
2025-12-06 17:15:30,621 | INFO | [시도] 1267/3000
2025-12-06 17:15:32,479 | INFO | [시도] 1268/3000
2025-12-06 17:15:34,324 | INFO | [시도] 1269/3000
2025-12-06 17:15:36,169 | INFO | [시도] 1270/3000
2025-12-06 17:15:38,015 | INFO | [시도] 1271/3000
2025-12-06 17:15:38,520 | WARNING | [ALERT] '파일을 찾을 수 없습니다.' -> 자동확인
2025-12-06 17:15:38,841 | INFO | [시도] 1272/3000
2025-12-06 17:15:39,360 | WARNING | [ALERT] '파일을 찾을 수 없습니다.' -> 자동확인
2025-12-06 17:15:39,680 | INFO | [시도] 1273/3000
2025-12-06 17:15:40,185 | WARNING | [ALERT] '파일을 찾을 수 없습니다.' -> 자동확인
2025-12-06 17:15:40,505 | INFO | [시도] 1274/3000
2025-12-06 17:15:42,350 | INFO | [시도] 1275/3000
2025-12-06 17:15:44,194 | INFO | [시도] 1276/3000
2025-12-06 17:15:46,079 | INFO | [시도] 1277/3000
2025-12-06 17:15:47,929 | INFO | [시도] 1278/3000
2025-12-06 17:15:49,774 | INFO | [시도] 1279/3000
2025-12-06 17:15:50,280 | WARNING | [ALERT] '파일을 찾을 수 없습니다.' -> 자동확인
2025-12-06 17:15:50,600 | INFO | [시도] 1280/3000
2025-12-06 17:15:51,120 | WARNING | [ALERT] '파일을 찾을 수 없습니다.' -> 자동확인
2025-12-06 17:15:51,440 | INFO | [시도] 1281/3000
2025-12-06 17:15:51,944 | WARNING | [ALERT] '파일을 찾을 수 없습니다.' -> 자동확인
2025-12-06 17:15:52,265 | INFO | [시도] 1282/3000
2025-12-06 17:15:54,112 | INFO | [시도] 1283/3000
2025-12-06 17:15:55,969 | INFO | [시도] 1284/3000
2025-12-06 17:15:57,815 | INFO | [시도] 1285/3000
2025-12-06 17:15:59,674 | INFO | [시도] 1286/3000
2025-12-06 17:16:00,180 | WARNING | [ALERT] '파일을 찾을 수 없습니다.' -> 자동확인
2025-12-06 17:16:00,500 | INFO | [시도] 1287/3000
2025-12-06 17:16:01,020 | WARNING | [ALERT] '파일을 찾을 수 없습니다.' -> 자동확인
2025-12-06 17:16:01,340 | INFO | [시도] 1288/3000
2025-12-06 17:16:03,199 | INFO | [시도] 1289/3000
2025-12-06 17:16:05,044 | INFO | [시도] 1290/3000
2025-12-06 17:16:06,889 | INFO | [시도] 1291/3000
2025-12-06 17:16:08,735 | INFO | [시도] 1292/3000
2025-12-06 17:16:10,580 | INFO | [시도] 1293/3000
2025-12-06 17:16:12,426 | INFO | [시도] 1294/3000
2025-12-06 17:16:14,284 | INFO | [시도] 1295/3000
2025-12-06 17:16:16,131 | INFO | [시도] 1296/3000
2025-12-06 17:16:17,989 | INFO | [시도] 1297/3000
2025-12-06 17:16:19,834 | INFO | [시도] 1298/3000
2025-12-06 17:16:21,680 | INFO | [시도] 1299/3000
2025-12-06 17:16:23,525 | INFO | [시도] 1300/3000
2025-12-06 17:16:25,370 | INFO | [시도] 1301/3000
2025-12-06 17:16:27,215 | INFO | [시도] 1302/3000
2025-12-06 17:16:29,060 | INFO | [시도] 1303/3000
2025-12-06 17:16:30,904 | INFO | [시도] 1304/3000
2025-12-06 17:16:32,749 | INFO | [시도] 1305/3000
2025-12-06 17:16:34,594 | INFO | [시도] 1306/3000
2025-12-06 17:16:36,441 | INFO | [시도] 1307/3000
2025-12-06 17:16:38,299 | INFO | [시도] 1308/3000
2025-12-06 17:16:40,147 | INFO | [시도] 1309/3000
2025-12-06 17:16:42,004 | INFO | [시도] 1310/3000
2025-12-06 17:16:43,849 | INFO | [시도] 1311/3000
2025-12-06 17:16:45,694 | INFO | [시도] 1312/3000
2025-12-06 17:16:47,539 | INFO | [시도] 1313/3000
2025-12-06 17:16:49,385 | INFO | [시도] 1314/3000
2025-12-06 17:16:51,231 | INFO | [시도] 1315/3000
2025-12-06 17:16:53,090 | INFO | [시도] 1316/3000
2025-12-06 17:16:54,935 | INFO | [시도] 1317/3000
2025-12-06 17:16:56,780 | INFO | [시도] 1318/3000
2025-12-06 17:16:58,624 | INFO | [시도] 1319/3000
2025-12-06 17:17:00,470 | INFO | [시도] 1320/3000
2025-12-06 17:17:00,975 | WARNING | [ALERT] '파일을 찾을 수 없습니다.' -> 자동확인
2025-12-06 17:17:01,295 | INFO | [시도] 1321/3000
2025-12-06 17:17:03,139 | INFO | [시도] 1322/3000
2025-12-06 17:17:04,985 | INFO | [시도] 1323/3000
2025-12-06 17:17:06,830 | INFO | [시도] 1324/3000
2025-12-06 17:17:08,674 | INFO | [시도] 1325/3000
2025-12-06 17:17:10,519 | INFO | [시도] 1326/3000
2025-12-06 17:17:12,364 | INFO | [시도] 1327/3000
2025-12-06 17:17:14,211 | INFO | [시도] 1328/3000
2025-12-06 17:17:16,055 | INFO | [시도] 1329/3000
2025-12-06 17:17:17,914 | INFO | [시도] 1330/3000
2025-12-06 17:17:19,759 | INFO | [시도] 1331/3000
2025-12-06 17:17:21,606 | INFO | [시도] 1332/3000
2025-12-06 17:17:23,466 | INFO | [시도] 1333/3000
2025-12-06 17:17:23,985 | WARNING | [ALERT] '파일을 찾을 수 없습니다.' -> 자동확인
2025-12-06 17:17:24,305 | INFO | [시도] 1334/3000
2025-12-06 17:17:26,150 | INFO | [시도] 1335/3000
2025-12-06 17:17:27,995 | INFO | [시도] 1336/3000
2025-12-06 17:17:28,500 | WARNING | [ALERT] '파일을 찾을 수 없습니다.' -> 자동확인
2025-12-06 17:17:28,822 | INFO | [시도] 1337/3000
2025-12-06 17:17:30,681 | INFO | [시도] 1338/3000
2025-12-06 17:17:32,541 | INFO | [시도] 1339/3000
2025-12-06 17:17:34,385 | INFO | [시도] 1340/3000
2025-12-06 17:17:36,229 | INFO | [시도] 1341/3000
2025-12-06 17:17:38,074 | INFO | [시도] 1342/3000
2025-12-06 17:17:39,919 | INFO | [시도] 1343/3000
2025-12-06 17:17:41,765 | INFO | [시도] 1344/3000
2025-12-06 17:17:43,610 | INFO | [시도] 1345/3000
2025-12-06 17:17:45,456 | INFO | [시도] 1346/3000
2025-12-06 17:17:47,314 | INFO | [시도] 1347/3000
2025-12-06 17:17:49,159 | INFO | [시도] 1348/3000
2025-12-06 17:17:49,665 | WARNING | [ALERT] '파일을 찾을 수 없습니다.' -> 자동확인
2025-12-06 17:17:49,985 | INFO | [시도] 1349/3000
2025-12-06 17:17:51,845 | INFO | [시도] 1350/3000
2025-12-06 17:17:52,350 | WARNING | [ALERT] '파일을 찾을 수 없습니다.' -> 자동확인
2025-12-06 17:17:52,670 | INFO | [시도] 1351/3000
2025-12-06 17:17:54,514 | INFO | [시도] 1352/3000
2025-12-06 17:17:56,359 | INFO | [시도] 1353/3000
2025-12-06 17:17:58,205 | INFO | [시도] 1354/3000
2025-12-06 17:18:00,053 | INFO | [시도] 1355/3000
2025-12-06 17:18:01,911 | INFO | [시도] 1356/3000
2025-12-06 17:18:03,769 | INFO | [시도] 1357/3000
2025-12-06 17:18:05,615 | INFO | [시도] 1358/3000
2025-12-06 17:18:07,490 | INFO | [시도] 1359/3000
2025-12-06 17:18:09,334 | INFO | [시도] 1360/3000
2025-12-06 17:18:11,181 | INFO | [시도] 1361/3000
2025-12-06 17:18:13,040 | INFO | [시도] 1362/3000
2025-12-06 17:18:14,884 | INFO | [시도] 1363/3000
2025-12-06 17:18:16,731 | INFO | [시도] 1364/3000
2025-12-06 17:18:18,590 | INFO | [시도] 1365/3000
2025-12-06 17:18:20,435 | INFO | [시도] 1366/3000
2025-12-06 17:18:22,279 | INFO | [시도] 1367/3000
2025-12-06 17:18:24,125 | INFO | [시도] 1368/3000
2025-12-06 17:18:25,969 | INFO | [시도] 1369/3000
2025-12-06 17:18:27,815 | INFO | [시도] 1370/3000
2025-12-06 17:18:29,675 | INFO | [시도] 1371/3000
2025-12-06 17:18:31,519 | INFO | [시도] 1372/3000
2025-12-06 17:18:33,366 | INFO | [시도] 1373/3000
2025-12-06 17:18:35,209 | INFO | [시도] 1374/3000
2025-12-06 17:18:35,715 | WARNING | [ALERT] '파일을 찾을 수 없습니다.' -> 자동확인
2025-12-06 17:18:36,035 | INFO | [시도] 1375/3000
2025-12-06 17:18:37,894 | INFO | [시도] 1376/3000
2025-12-06 17:18:38,400 | WARNING | [ALERT] '파일을 찾을 수 없습니다.' -> 자동확인
2025-12-06 17:18:38,720 | INFO | [시도] 1377/3000
2025-12-06 17:18:39,240 | WARNING | [ALERT] '파일을 찾을 수 없습니다.' -> 자동확인
2025-12-06 17:18:39,560 | INFO | [시도] 1378/3000
2025-12-06 17:18:40,080 | WARNING | [ALERT] '파일을 찾을 수 없습니다.' -> 자동확인
2025-12-06 17:18:40,400 | INFO | [시도] 1379/3000
2025-12-06 17:18:40,905 | WARNING | [ALERT] '파일을 찾을 수 없습니다.' -> 자동확인
2025-12-06 17:18:41,225 | INFO | [시도] 1380/3000
2025-12-06 17:18:41,730 | WARNING | [ALERT] '파일을 찾을 수 없습니다.' -> 자동확인
2025-12-06 17:18:42,051 | INFO | [시도] 1381/3000
2025-12-06 17:18:43,909 | INFO | [시도] 1382/3000
2025-12-06 17:18:45,754 | INFO | [시도] 1383/3000
2025-12-06 17:18:47,600 | INFO | [시도] 1384/3000
2025-12-06 17:18:49,459 | INFO | [시도] 1385/3000
2025-12-06 17:18:51,305 | INFO | [시도] 1386/3000
2025-12-06 17:18:53,150 | INFO | [시도] 1387/3000
2025-12-06 17:18:54,995 | INFO | [시도] 1388/3000
2025-12-06 17:18:56,840 | INFO | [시도] 1389/3000
2025-12-06 17:18:58,685 | INFO | [시도] 1390/3000
2025-12-06 17:19:00,531 | INFO | [시도] 1391/3000
2025-12-06 17:19:02,374 | INFO | [시도] 1392/3000
2025-12-06 17:19:04,219 | INFO | [시도] 1393/3000
2025-12-06 17:19:06,065 | INFO | [시도] 1394/3000
2025-12-06 17:19:07,911 | INFO | [시도] 1395/3000
2025-12-06 17:19:09,769 | INFO | [시도] 1396/3000
2025-12-06 17:19:11,614 | INFO | [시도] 1397/3000
2025-12-06 17:19:13,460 | INFO | [시도] 1398/3000
2025-12-06 17:19:13,964 | WARNING | [ALERT] '파일을 찾을 수 없습니다.' -> 자동확인
2025-12-06 17:19:14,285 | INFO | [시도] 1399/3000
2025-12-06 17:19:16,133 | INFO | [시도] 1400/3000
2025-12-06 17:19:17,991 | INFO | [시도] 1401/3000
2025-12-06 17:19:19,835 | INFO | [시도] 1402/3000
2025-12-06 17:19:21,680 | INFO | [시도] 1403/3000
2025-12-06 17:19:23,524 | INFO | [시도] 1404/3000
2025-12-06 17:19:25,371 | INFO | [시도] 1405/3000
2025-12-06 17:19:27,229 | INFO | [시도] 1406/3000
2025-12-06 17:19:29,075 | INFO | [시도] 1407/3000
2025-12-06 17:19:30,919 | INFO | [시도] 1408/3000
2025-12-06 17:19:32,764 | INFO | [시도] 1409/3000
2025-12-06 17:19:34,610 | INFO | [시도] 1410/3000
2025-12-06 17:19:36,456 | INFO | [시도] 1411/3000
2025-12-06 17:19:38,315 | INFO | [시도] 1412/3000
2025-12-06 17:19:38,820 | WARNING | [ALERT] '파일을 찾을 수 없습니다.' -> 자동확인
2025-12-06 17:19:39,140 | INFO | [시도] 1413/3000
2025-12-06 17:19:39,645 | WARNING | [ALERT] '파일을 찾을 수 없습니다.' -> 자동확인
2025-12-06 17:19:39,965 | INFO | [시도] 1414/3000
2025-12-06 17:19:41,814 | INFO | [시도] 1415/3000
2025-12-06 17:19:43,670 | INFO | [시도] 1416/3000
2025-12-06 17:19:45,515 | INFO | [시도] 1417/3000
2025-12-06 17:19:47,359 | INFO | [시도] 1418/3000
2025-12-06 17:19:49,205 | INFO | [시도] 1419/3000
2025-12-06 17:19:51,051 | INFO | [시도] 1420/3000
2025-12-06 17:19:52,909 | INFO | [시도] 1421/3000
2025-12-06 17:19:54,754 | INFO | [시도] 1422/3000
2025-12-06 17:19:56,606 | INFO | [시도] 1423/3000
2025-12-06 17:19:58,460 | INFO | [시도] 1424/3000
2025-12-06 17:20:00,305 | INFO | [시도] 1425/3000
2025-12-06 17:20:02,150 | INFO | [시도] 1426/3000
2025-12-06 17:20:03,995 | INFO | [시도] 1427/3000
2025-12-06 17:20:05,839 | INFO | [시도] 1428/3000
2025-12-06 17:20:07,685 | INFO | [시도] 1429/3000
2025-12-06 17:20:09,530 | INFO | [시도] 1430/3000
2025-12-06 17:20:11,375 | INFO | [시도] 1431/3000
2025-12-06 17:20:13,219 | INFO | [시도] 1432/3000
2025-12-06 17:20:15,069 | INFO | [시도] 1433/3000
2025-12-06 17:20:16,925 | INFO | [시도] 1434/3000
2025-12-06 17:20:18,770 | INFO | [시도] 1435/3000
2025-12-06 17:20:20,615 | INFO | [시도] 1436/3000
2025-12-06 17:20:22,474 | INFO | [시도] 1437/3000
2025-12-06 17:20:24,321 | INFO | [시도] 1438/3000
2025-12-06 17:20:26,166 | INFO | [시도] 1439/3000
2025-12-06 17:20:28,010 | INFO | [시도] 1440/3000
2025-12-06 17:20:29,855 | INFO | [시도] 1441/3000
2025-12-06 17:20:31,701 | INFO | [시도] 1442/3000
2025-12-06 17:20:33,560 | INFO | [시도] 1443/3000
2025-12-06 17:20:35,405 | INFO | [시도] 1444/3000
2025-12-06 17:20:37,249 | INFO | [시도] 1445/3000
2025-12-06 17:20:39,094 | INFO | [시도] 1446/3000
2025-12-06 17:20:40,939 | INFO | [시도] 1447/3000
2025-12-06 17:20:42,786 | INFO | [시도] 1448/3000
2025-12-06 17:20:44,644 | INFO | [시도] 1449/3000
2025-12-06 17:20:45,150 | WARNING | [ALERT] '파일을 찾을 수 없습니다.' -> 자동확인
2025-12-06 17:20:45,471 | INFO | [시도] 1450/3000
2025-12-06 17:20:47,315 | INFO | [시도] 1451/3000
2025-12-06 17:20:49,160 | INFO | [시도] 1452/3000
2025-12-06 17:20:51,005 | INFO | [시도] 1453/3000
2025-12-06 17:20:52,850 | INFO | [시도] 1454/3000
2025-12-06 17:20:54,695 | INFO | [시도] 1455/3000
2025-12-06 17:20:56,540 | INFO | [시도] 1456/3000
2025-12-06 17:20:58,385 | INFO | [시도] 1457/3000
2025-12-06 17:21:00,230 | INFO | [시도] 1458/3000
2025-12-06 17:21:02,075 | INFO | [시도] 1459/3000
2025-12-06 17:21:03,922 | INFO | [시도] 1460/3000
2025-12-06 17:21:05,779 | INFO | [시도] 1461/3000
2025-12-06 17:21:07,625 | INFO | [시도] 1462/3000
2025-12-06 17:21:09,469 | INFO | [시도] 1463/3000
2025-12-06 17:21:11,315 | INFO | [시도] 1464/3000
2025-12-06 17:21:13,160 | INFO | [시도] 1465/3000
2025-12-06 17:21:15,004 | INFO | [시도] 1466/3000
2025-12-06 17:21:16,850 | INFO | [시도] 1467/3000
2025-12-06 17:21:18,694 | INFO | [시도] 1468/3000
2025-12-06 17:21:19,200 | WARNING | [ALERT] '파일을 찾을 수 없습니다.' -> 자동확인
2025-12-06 17:21:19,520 | INFO | [시도] 1469/3000
2025-12-06 17:21:21,365 | INFO | [시도] 1470/3000
2025-12-06 17:21:23,210 | INFO | [시도] 1471/3000
2025-12-06 17:21:25,055 | INFO | [시도] 1472/3000
2025-12-06 17:21:26,901 | INFO | [시도] 1473/3000
2025-12-06 17:21:28,760 | INFO | [시도] 1474/3000
2025-12-06 17:21:30,619 | INFO | [시도] 1475/3000
2025-12-06 17:21:32,465 | INFO | [시도] 1476/3000
2025-12-06 17:21:34,310 | INFO | [시도] 1477/3000
2025-12-06 17:21:36,154 | INFO | [시도] 1478/3000
2025-12-06 17:21:38,000 | INFO | [시도] 1479/3000
2025-12-06 17:21:39,845 | INFO | [시도] 1480/3000
2025-12-06 17:21:41,692 | INFO | [시도] 1481/3000
2025-12-06 17:21:43,685 | INFO | [시도] 1482/3000
2025-12-06 17:21:45,544 | INFO | [시도] 1483/3000
2025-12-06 17:21:47,389 | INFO | [시도] 1484/3000
2025-12-06 17:21:49,235 | INFO | [시도] 1485/3000
2025-12-06 17:21:51,080 | INFO | [시도] 1486/3000
2025-12-06 17:21:51,600 | WARNING | [ALERT] '파일을 찾을 수 없습니다.' -> 자동확인
2025-12-06 17:21:51,920 | INFO | [시도] 1487/3000
2025-12-06 17:21:52,425 | WARNING | [ALERT] '파일을 찾을 수 없습니다.' -> 자동확인
2025-12-06 17:21:52,745 | INFO | [시도] 1488/3000
2025-12-06 17:21:54,590 | INFO | [시도] 1489/3000
2025-12-06 17:21:56,435 | INFO | [시도] 1490/3000
2025-12-06 17:21:58,279 | INFO | [시도] 1491/3000
2025-12-06 17:22:00,126 | INFO | [시도] 1492/3000
2025-12-06 17:22:01,970 | INFO | [시도] 1493/3000
2025-12-06 17:22:02,475 | WARNING | [ALERT] '파일을 찾을 수 없습니다.' -> 자동확인
2025-12-06 17:22:02,796 | INFO | [시도] 1494/3000
2025-12-06 17:22:04,640 | INFO | [시도] 1495/3000
2025-12-06 17:22:06,485 | INFO | [시도] 1496/3000
2025-12-06 17:22:08,330 | INFO | [시도] 1497/3000
2025-12-06 17:22:10,174 | INFO | [시도] 1498/3000
2025-12-06 17:22:12,020 | INFO | [시도] 1499/3000
2025-12-06 17:22:13,865 | INFO | [시도] 1500/3000
2025-12-06 17:22:15,710 | INFO | [시도] 1501/3000
2025-12-06 17:22:17,555 | INFO | [시도] 1502/3000
2025-12-06 17:22:19,399 | INFO | [시도] 1503/3000
2025-12-06 17:22:21,244 | INFO | [시도] 1504/3000
2025-12-06 17:22:21,750 | WARNING | [ALERT] '파일을 찾을 수 없습니다.' -> 자동확인
2025-12-06 17:22:22,071 | INFO | [시도] 1505/3000
2025-12-06 17:22:22,575 | WARNING | [ALERT] '파일을 찾을 수 없습니다.' -> 자동확인
2025-12-06 17:22:22,896 | INFO | [시도] 1506/3000
2025-12-06 17:22:23,415 | WARNING | [ALERT] '파일을 찾을 수 없습니다.' -> 자동확인
2025-12-06 17:22:23,735 | INFO | [시도] 1507/3000
2025-12-06 17:22:24,240 | WARNING | [ALERT] '파일을 찾을 수 없습니다.' -> 자동확인
2025-12-06 17:22:24,560 | INFO | [시도] 1508/3000
2025-12-06 17:22:26,405 | INFO | [시도] 1509/3000
2025-12-06 17:22:28,249 | INFO | [시도] 1510/3000
2025-12-06 17:22:30,094 | INFO | [시도] 1511/3000
2025-12-06 17:22:31,939 | INFO | [시도] 1512/3000
2025-12-06 17:22:33,785 | INFO | [시도] 1513/3000
2025-12-06 17:22:35,629 | INFO | [시도] 1514/3000
2025-12-06 17:22:37,475 | INFO | [시도] 1515/3000
2025-12-06 17:22:39,320 | INFO | [시도] 1516/3000
2025-12-06 17:22:41,165 | INFO | [시도] 1517/3000
2025-12-06 17:22:43,024 | INFO | [시도] 1518/3000
2025-12-06 17:22:44,872 | INFO | [시도] 1519/3000
2025-12-06 17:22:46,730 | INFO | [시도] 1520/3000
2025-12-06 17:22:48,604 | INFO | [시도] 1521/3000
2025-12-06 17:22:50,451 | INFO | [시도] 1522/3000
2025-12-06 17:22:52,313 | INFO | [시도] 1523/3000
2025-12-06 17:22:54,169 | INFO | [시도] 1524/3000
2025-12-06 17:22:56,015 | INFO | [시도] 1525/3000
2025-12-06 17:22:57,875 | INFO | [시도] 1526/3000
2025-12-06 17:22:59,719 | INFO | [시도] 1527/3000
2025-12-06 17:23:01,564 | INFO | [시도] 1528/3000
2025-12-06 17:23:03,409 | INFO | [시도] 1529/3000
2025-12-06 17:23:05,270 | INFO | [시도] 1530/3000
2025-12-06 17:23:07,114 | INFO | [시도] 1531/3000
2025-12-06 17:23:08,961 | INFO | [시도] 1532/3000
2025-12-06 17:23:10,820 | INFO | [시도] 1533/3000
2025-12-06 17:23:12,664 | INFO | [시도] 1534/3000
2025-12-06 17:23:14,510 | INFO | [시도] 1535/3000
2025-12-06 17:23:16,370 | INFO | [시도] 1536/3000
2025-12-06 17:23:18,215 | INFO | [시도] 1537/3000
2025-12-06 17:23:20,074 | INFO | [시도] 1538/3000
2025-12-06 17:23:21,920 | INFO | [시도] 1539/3000
2025-12-06 17:23:23,765 | INFO | [시도] 1540/3000
2025-12-06 17:23:24,270 | WARNING | [ALERT] '파일을 찾을 수 없습니다.' -> 자동확인
2025-12-06 17:23:24,591 | INFO | [시도] 1541/3000
2025-12-06 17:23:25,110 | WARNING | [ALERT] '파일을 찾을 수 없습니다.' -> 자동확인
2025-12-06 17:23:25,448 | INFO | [시도] 1542/3000
2025-12-06 17:23:25,965 | WARNING | [ALERT] '파일을 찾을 수 없습니다.' -> 자동확인
2025-12-06 17:23:26,285 | INFO | [시도] 1543/3000
2025-12-06 17:23:28,144 | INFO | [시도] 1544/3000
2025-12-06 17:23:29,989 | INFO | [시도] 1545/3000
2025-12-06 17:23:31,836 | INFO | [시도] 1546/3000
2025-12-06 17:23:33,694 | INFO | [시도] 1547/3000
2025-12-06 17:23:34,199 | WARNING | [ALERT] '파일을 찾을 수 없습니다.' -> 자동확인
2025-12-06 17:23:34,520 | INFO | [시도] 1548/3000
2025-12-06 17:23:35,025 | WARNING | [ALERT] '파일을 찾을 수 없습니다.' -> 자동확인
2025-12-06 17:23:35,345 | INFO | [시도] 1549/3000
2025-12-06 17:23:35,850 | WARNING | [ALERT] '파일을 찾을 수 없습니다.' -> 자동확인
2025-12-06 17:23:36,171 | INFO | [시도] 1550/3000
2025-12-06 17:23:38,030 | INFO | [시도] 1551/3000
2025-12-06 17:23:39,874 | INFO | [시도] 1552/3000
2025-12-06 17:23:41,719 | INFO | [시도] 1553/3000
2025-12-06 17:23:43,564 | INFO | [시도] 1554/3000
2025-12-06 17:23:45,410 | INFO | [시도] 1555/3000
2025-12-06 17:23:47,256 | INFO | [시도] 1556/3000
2025-12-06 17:23:49,100 | INFO | [시도] 1557/3000
2025-12-06 17:23:50,944 | INFO | [시도] 1558/3000
2025-12-06 17:23:52,791 | INFO | [시도] 1559/3000
2025-12-06 17:23:54,634 | INFO | [시도] 1560/3000
2025-12-06 17:23:56,480 | INFO | [시도] 1561/3000
2025-12-06 17:23:56,984 | WARNING | [ALERT] '파일을 찾을 수 없습니다.' -> 자동확인
2025-12-06 17:23:57,305 | INFO | [시도] 1562/3000
2025-12-06 17:23:59,165 | INFO | [시도] 1563/3000
2025-12-06 17:24:01,010 | INFO | [시도] 1564/3000
2025-12-06 17:24:02,854 | INFO | [시도] 1565/3000
2025-12-06 17:24:03,360 | WARNING | [ALERT] '파일을 찾을 수 없습니다.' -> 자동확인
2025-12-06 17:24:03,680 | INFO | [시도] 1566/3000
2025-12-06 17:24:05,524 | INFO | [시도] 1567/3000
2025-12-06 17:24:07,370 | INFO | [시도] 1568/3000
2025-12-06 17:24:09,216 | INFO | [시도] 1569/3000
2025-12-06 17:24:11,075 | INFO | [시도] 1570/3000
2025-12-06 17:24:12,919 | INFO | [시도] 1571/3000
2025-12-06 17:24:14,765 | INFO | [시도] 1572/3000
2025-12-06 17:24:16,609 | INFO | [시도] 1573/3000
2025-12-06 17:24:17,116 | WARNING | [ALERT] '파일을 찾을 수 없습니다.' -> 자동확인
2025-12-06 17:24:17,435 | INFO | [시도] 1574/3000
2025-12-06 17:24:17,955 | WARNING | [ALERT] '파일을 찾을 수 없습니다.' -> 자동확인
2025-12-06 17:24:18,275 | INFO | [시도] 1575/3000
2025-12-06 17:24:20,119 | INFO | [시도] 1576/3000
2025-12-06 17:24:21,966 | INFO | [시도] 1577/3000
2025-12-06 17:24:23,824 | INFO | [시도] 1578/3000
2025-12-06 17:24:25,669 | INFO | [시도] 1579/3000
2025-12-06 17:24:27,515 | INFO | [시도] 1580/3000
2025-12-06 17:24:29,360 | INFO | [시도] 1581/3000
2025-12-06 17:24:31,204 | INFO | [시도] 1582/3000
2025-12-06 17:24:33,050 | INFO | [시도] 1583/3000
2025-12-06 17:24:34,895 | INFO | [시도] 1584/3000
2025-12-06 17:24:36,741 | INFO | [시도] 1585/3000
2025-12-06 17:24:38,584 | INFO | [시도] 1586/3000
2025-12-06 17:24:40,429 | INFO | [시도] 1587/3000
2025-12-06 17:24:42,274 | INFO | [시도] 1588/3000
2025-12-06 17:24:44,149 | INFO | [시도] 1589/3000
2025-12-06 17:24:45,995 | INFO | [시도] 1590/3000
2025-12-06 17:24:47,855 | INFO | [시도] 1591/3000
2025-12-06 17:24:49,715 | INFO | [시도] 1592/3000
2025-12-06 17:24:51,560 | INFO | [시도] 1593/3000
2025-12-06 17:24:53,404 | INFO | [시도] 1594/3000
2025-12-06 17:24:55,249 | INFO | [시도] 1595/3000
2025-12-06 17:24:57,094 | INFO | [시도] 1596/3000
2025-12-06 17:24:58,939 | INFO | [시도] 1597/3000
2025-12-06 17:25:00,785 | INFO | [시도] 1598/3000
2025-12-06 17:25:02,630 | INFO | [시도] 1599/3000
2025-12-06 17:25:04,475 | INFO | [시도] 1600/3000
2025-12-06 17:25:06,334 | INFO | [시도] 1601/3000
2025-12-06 17:25:08,180 | INFO | [시도] 1602/3000
2025-12-06 17:25:10,027 | INFO | [시도] 1603/3000
2025-12-06 17:25:11,885 | INFO | [시도] 1604/3000
2025-12-06 17:25:13,730 | INFO | [시도] 1605/3000
2025-12-06 17:25:15,575 | INFO | [시도] 1606/3000
2025-12-06 17:25:16,080 | WARNING | [ALERT] '파일을 찾을 수 없습니다.' -> 자동확인
2025-12-06 17:25:16,400 | INFO | [시도] 1607/3000
2025-12-06 17:25:16,919 | WARNING | [ALERT] '파일을 찾을 수 없습니다.' -> 자동확인
2025-12-06 17:25:17,240 | INFO | [시도] 1608/3000
2025-12-06 17:25:19,085 | INFO | [시도] 1609/3000
2025-12-06 17:25:20,930 | INFO | [시도] 1610/3000
2025-12-06 17:25:22,776 | INFO | [시도] 1611/3000
2025-12-06 17:25:24,635 | INFO | [시도] 1612/3000
2025-12-06 17:25:26,480 | INFO | [시도] 1613/3000
2025-12-06 17:25:26,985 | WARNING | [ALERT] '파일을 찾을 수 없습니다.' -> 자동확인
2025-12-06 17:25:27,305 | INFO | [시도] 1614/3000
2025-12-06 17:25:27,810 | WARNING | [ALERT] '파일을 찾을 수 없습니다.' -> 자동확인
2025-12-06 17:25:28,130 | INFO | [시도] 1615/3000
2025-12-06 17:25:28,635 | WARNING | [ALERT] '파일을 찾을 수 없습니다.' -> 자동확인
2025-12-06 17:25:28,955 | INFO | [시도] 1616/3000
2025-12-06 17:25:29,475 | WARNING | [ALERT] '파일을 찾을 수 없습니다.' -> 자동확인
2025-12-06 17:25:29,795 | INFO | [시도] 1617/3000
2025-12-06 17:25:30,300 | WARNING | [ALERT] '파일을 찾을 수 없습니다.' -> 자동확인
2025-12-06 17:25:30,621 | INFO | [시도] 1618/3000
2025-12-06 17:25:32,466 | INFO | [시도] 1619/3000
2025-12-06 17:25:34,325 | INFO | [시도] 1620/3000
2025-12-06 17:25:34,830 | WARNING | [ALERT] '파일을 찾을 수 없습니다.' -> 자동확인
2025-12-06 17:25:35,150 | INFO | [시도] 1621/3000
2025-12-06 17:25:36,994 | INFO | [시도] 1622/3000
2025-12-06 17:25:38,840 | INFO | [시도] 1623/3000
2025-12-06 17:25:40,685 | INFO | [시도] 1624/3000
2025-12-06 17:25:42,545 | INFO | [시도] 1625/3000
2025-12-06 17:25:44,389 | INFO | [시도] 1626/3000
2025-12-06 17:25:46,235 | INFO | [시도] 1627/3000
2025-12-06 17:25:46,740 | WARNING | [ALERT] '파일을 찾을 수 없습니다.' -> 자동확인
2025-12-06 17:25:47,060 | INFO | [시도] 1628/3000
2025-12-06 17:25:47,565 | WARNING | [ALERT] '파일을 찾을 수 없습니다.' -> 자동확인
2025-12-06 17:25:47,885 | INFO | [시도] 1629/3000
2025-12-06 17:25:49,730 | INFO | [시도] 1630/3000
2025-12-06 17:25:51,590 | INFO | [시도] 1631/3000
2025-12-06 17:25:53,435 | INFO | [시도] 1632/3000
2025-12-06 17:25:55,280 | INFO | [시도] 1633/3000
2025-12-06 17:25:57,124 | INFO | [시도] 1634/3000
2025-12-06 17:25:58,971 | INFO | [시도] 1635/3000
2025-12-06 17:26:00,830 | INFO | [시도] 1636/3000
2025-12-06 17:26:02,674 | INFO | [시도] 1637/3000
2025-12-06 17:26:04,520 | INFO | [시도] 1638/3000
2025-12-06 17:26:06,364 | INFO | [시도] 1639/3000
2025-12-06 17:26:08,211 | INFO | [시도] 1640/3000
2025-12-06 17:26:10,070 | INFO | [시도] 1641/3000
2025-12-06 17:26:10,589 | WARNING | [ALERT] '파일을 찾을 수 없습니다.' -> 자동확인
2025-12-06 17:26:10,911 | INFO | [시도] 1642/3000
2025-12-06 17:26:12,755 | INFO | [시도] 1643/3000
2025-12-06 17:26:14,599 | INFO | [시도] 1644/3000
2025-12-06 17:26:16,446 | INFO | [시도] 1645/3000
2025-12-06 17:26:18,305 | INFO | [시도] 1646/3000
2025-12-06 17:26:20,150 | INFO | [시도] 1647/3000
2025-12-06 17:26:21,995 | INFO | [시도] 1648/3000
2025-12-06 17:26:23,839 | INFO | [시도] 1649/3000
2025-12-06 17:26:25,685 | INFO | [시도] 1650/3000
2025-12-06 17:26:27,546 | INFO | [시도] 1651/3000
2025-12-06 17:26:29,390 | INFO | [시도] 1652/3000
2025-12-06 17:26:31,250 | INFO | [시도] 1653/3000
2025-12-06 17:26:33,094 | INFO | [시도] 1654/3000
2025-12-06 17:26:34,939 | INFO | [시도] 1655/3000
2025-12-06 17:26:36,785 | INFO | [시도] 1656/3000
2025-12-06 17:26:38,629 | INFO | [시도] 1657/3000
2025-12-06 17:26:40,474 | INFO | [시도] 1658/3000
2025-12-06 17:26:42,321 | INFO | [시도] 1659/3000
2025-12-06 17:26:44,179 | INFO | [시도] 1660/3000
2025-12-06 17:26:46,025 | INFO | [시도] 1661/3000
2025-12-06 17:26:47,871 | INFO | [시도] 1662/3000
2025-12-06 17:26:49,730 | INFO | [시도] 1663/3000
2025-12-06 17:26:51,589 | INFO | [시도] 1664/3000
2025-12-06 17:26:53,435 | INFO | [시도] 1665/3000
2025-12-06 17:26:55,279 | INFO | [시도] 1666/3000
2025-12-06 17:26:57,126 | INFO | [시도] 1667/3000
2025-12-06 17:26:58,973 | INFO | [시도] 1668/3000
2025-12-06 17:27:00,829 | INFO | [시도] 1669/3000
2025-12-06 17:27:02,676 | INFO | [시도] 1670/3000
2025-12-06 17:27:04,536 | INFO | [시도] 1671/3000
2025-12-06 17:27:06,394 | INFO | [시도] 1672/3000
2025-12-06 17:27:08,239 | INFO | [시도] 1673/3000
2025-12-06 17:27:10,085 | INFO | [시도] 1674/3000
2025-12-06 17:27:11,960 | INFO | [시도] 1675/3000
2025-12-06 17:27:12,465 | WARNING | [ALERT] '파일을 찾을 수 없습니다.' -> 자동확인
2025-12-06 17:27:12,785 | INFO | [시도] 1676/3000
2025-12-06 17:27:14,629 | INFO | [시도] 1677/3000
2025-12-06 17:27:16,475 | INFO | [시도] 1678/3000
2025-12-06 17:27:18,320 | INFO | [시도] 1679/3000
2025-12-06 17:27:20,165 | INFO | [시도] 1680/3000
2025-12-06 17:27:22,010 | INFO | [시도] 1681/3000
2025-12-06 17:27:23,855 | INFO | [시도] 1682/3000
2025-12-06 17:27:25,700 | INFO | [시도] 1683/3000
2025-12-06 17:27:27,559 | INFO | [시도] 1684/3000
2025-12-06 17:27:29,406 | INFO | [시도] 1685/3000
2025-12-06 17:27:31,264 | INFO | [시도] 1686/3000
2025-12-06 17:27:33,111 | INFO | [시도] 1687/3000
2025-12-06 17:27:34,969 | INFO | [시도] 1688/3000
2025-12-06 17:27:36,815 | INFO | [시도] 1689/3000
2025-12-06 17:27:38,659 | INFO | [시도] 1690/3000
2025-12-06 17:27:39,165 | WARNING | [ALERT] '파일을 찾을 수 없습니다.' -> 자동확인
2025-12-06 17:27:39,485 | INFO | [시도] 1691/3000
2025-12-06 17:27:41,329 | INFO | [시도] 1692/3000
2025-12-06 17:27:43,205 | INFO | [시도] 1693/3000
2025-12-06 17:27:45,051 | INFO | [시도] 1694/3000
2025-12-06 17:27:46,895 | INFO | [시도] 1695/3000
2025-12-06 17:27:48,739 | INFO | [시도] 1696/3000
2025-12-06 17:27:50,584 | INFO | [시도] 1697/3000
2025-12-06 17:27:52,432 | INFO | [시도] 1698/3000
2025-12-06 17:27:54,290 | INFO | [시도] 1699/3000
2025-12-06 17:27:54,795 | WARNING | [ALERT] '파일을 찾을 수 없습니다.' -> 자동확인
2025-12-06 17:27:55,117 | INFO | [시도] 1700/3000
2025-12-06 17:27:55,635 | WARNING | [ALERT] '파일을 찾을 수 없습니다.' -> 자동확인
2025-12-06 17:27:55,955 | INFO | [시도] 1701/3000
2025-12-06 17:27:57,800 | INFO | [시도] 1702/3000
2025-12-06 17:27:59,645 | INFO | [시도] 1703/3000
2025-12-06 17:28:01,490 | INFO | [시도] 1704/3000
2025-12-06 17:28:03,337 | INFO | [시도] 1705/3000
2025-12-06 17:28:05,195 | INFO | [시도] 1706/3000
2025-12-06 17:28:07,039 | INFO | [시도] 1707/3000
2025-12-06 17:28:08,886 | INFO | [시도] 1708/3000
2025-12-06 17:28:10,745 | INFO | [시도] 1709/3000
2025-12-06 17:28:12,590 | INFO | [시도] 1710/3000
2025-12-06 17:28:14,434 | INFO | [시도] 1711/3000
2025-12-06 17:28:16,280 | INFO | [시도] 1712/3000
2025-12-06 17:28:18,124 | INFO | [시도] 1713/3000
2025-12-06 17:28:19,971 | INFO | [시도] 1714/3000
2025-12-06 17:28:21,829 | INFO | [시도] 1715/3000
2025-12-06 17:28:23,674 | INFO | [시도] 1716/3000
2025-12-06 17:28:25,520 | INFO | [시도] 1717/3000
2025-12-06 17:28:27,380 | INFO | [시도] 1718/3000
2025-12-06 17:28:29,225 | INFO | [시도] 1719/3000
2025-12-06 17:28:31,069 | INFO | [시도] 1720/3000
2025-12-06 17:28:32,915 | INFO | [시도] 1721/3000
2025-12-06 17:28:34,761 | INFO | [시도] 1722/3000
2025-12-06 17:28:36,605 | INFO | [시도] 1723/3000
2025-12-06 17:28:38,451 | INFO | [시도] 1724/3000
2025-12-06 17:28:40,294 | INFO | [시도] 1725/3000
2025-12-06 17:28:42,141 | INFO | [시도] 1726/3000
2025-12-06 17:28:43,984 | INFO | [시도] 1727/3000
2025-12-06 17:28:45,830 | INFO | [시도] 1728/3000
2025-12-06 17:28:47,675 | INFO | [시도] 1729/3000
2025-12-06 17:28:49,519 | INFO | [시도] 1730/3000
2025-12-06 17:28:51,366 | INFO | [시도] 1731/3000
2025-12-06 17:28:51,884 | WARNING | [ALERT] '파일을 찾을 수 없습니다.' -> 자동확인
2025-12-06 17:28:52,205 | INFO | [시도] 1732/3000
2025-12-06 17:28:54,055 | INFO | [시도] 1733/3000
2025-12-06 17:28:54,570 | WARNING | [ALERT] '파일을 찾을 수 없습니다.' -> 자동확인
2025-12-06 17:28:54,890 | INFO | [시도] 1734/3000
2025-12-06 17:28:55,395 | WARNING | [ALERT] '파일을 찾을 수 없습니다.' -> 자동확인
2025-12-06 17:28:55,716 | INFO | [시도] 1735/3000
2025-12-06 17:28:57,574 | INFO | [시도] 1736/3000
2025-12-06 17:28:59,420 | INFO | [시도] 1737/3000
2025-12-06 17:29:01,265 | INFO | [시도] 1738/3000
2025-12-06 17:29:03,110 | INFO | [시도] 1739/3000
2025-12-06 17:29:04,954 | INFO | [시도] 1740/3000
2025-12-06 17:29:05,460 | WARNING | [ALERT] '파일을 찾을 수 없습니다.' -> 자동확인
2025-12-06 17:29:05,781 | INFO | [시도] 1741/3000
2025-12-06 17:29:06,285 | WARNING | [ALERT] '파일을 찾을 수 없습니다.' -> 자동확인
2025-12-06 17:29:06,606 | INFO | [시도] 1742/3000
2025-12-06 17:29:08,477 | INFO | [시도] 1743/3000
2025-12-06 17:29:10,325 | INFO | [시도] 1744/3000
2025-12-06 17:29:12,170 | INFO | [시도] 1745/3000
2025-12-06 17:29:14,015 | INFO | [시도] 1746/3000
2025-12-06 17:29:15,861 | INFO | [시도] 1747/3000
2025-12-06 17:29:17,720 | INFO | [시도] 1748/3000
2025-12-06 17:29:19,565 | INFO | [시도] 1749/3000
2025-12-06 17:29:21,425 | INFO | [시도] 1750/3000
2025-12-06 17:29:23,271 | INFO | [시도] 1751/3000
2025-12-06 17:29:25,130 | INFO | [시도] 1752/3000
2025-12-06 17:29:26,975 | INFO | [시도] 1753/3000
2025-12-06 17:29:28,820 | INFO | [시도] 1754/3000
2025-12-06 17:29:30,665 | INFO | [시도] 1755/3000
2025-12-06 17:29:32,510 | INFO | [시도] 1756/3000
2025-12-06 17:29:33,015 | WARNING | [ALERT] '파일을 찾을 수 없습니다.' -> 자동확인
2025-12-06 17:29:33,335 | INFO | [시도] 1757/3000
2025-12-06 17:29:33,840 | WARNING | [ALERT] '파일을 찾을 수 없습니다.' -> 자동확인
2025-12-06 17:29:34,160 | INFO | [시도] 1758/3000
2025-12-06 17:29:36,005 | INFO | [시도] 1759/3000
2025-12-06 17:29:37,865 | INFO | [시도] 1760/3000
2025-12-06 17:29:39,709 | INFO | [시도] 1761/3000
2025-12-06 17:29:41,554 | INFO | [시도] 1762/3000
2025-12-06 17:29:43,400 | INFO | [시도] 1763/3000
2025-12-06 17:29:45,245 | INFO | [시도] 1764/3000
2025-12-06 17:29:45,749 | WARNING | [ALERT] '파일을 찾을 수 없습니다.' -> 자동확인
2025-12-06 17:29:46,071 | INFO | [시도] 1765/3000
2025-12-06 17:29:46,575 | WARNING | [ALERT] '파일을 찾을 수 없습니다.' -> 자동확인
2025-12-06 17:29:46,895 | INFO | [시도] 1766/3000
2025-12-06 17:29:48,740 | INFO | [시도] 1767/3000
2025-12-06 17:29:50,584 | INFO | [시도] 1768/3000
2025-12-06 17:29:52,430 | INFO | [시도] 1769/3000
2025-12-06 17:29:54,275 | INFO | [시도] 1770/3000
2025-12-06 17:29:56,125 | INFO | [시도] 1771/3000
2025-12-06 17:29:57,980 | INFO | [시도] 1772/3000
2025-12-06 17:29:59,841 | INFO | [시도] 1773/3000
2025-12-06 17:30:01,700 | INFO | [시도] 1774/3000
2025-12-06 17:30:02,204 | WARNING | [ALERT] '파일을 찾을 수 없습니다.' -> 자동확인
2025-12-06 17:30:02,525 | INFO | [시도] 1775/3000
2025-12-06 17:30:03,030 | WARNING | [ALERT] '파일을 찾을 수 없습니다.' -> 자동확인
2025-12-06 17:30:03,350 | INFO | [시도] 1776/3000
2025-12-06 17:30:05,210 | INFO | [시도] 1777/3000
2025-12-06 17:30:07,055 | INFO | [시도] 1778/3000
2025-12-06 17:30:07,559 | WARNING | [ALERT] '파일을 찾을 수 없습니다.' -> 자동확인
2025-12-06 17:30:07,880 | INFO | [시도] 1779/3000
2025-12-06 17:30:09,725 | INFO | [시도] 1780/3000
2025-12-06 17:30:11,569 | INFO | [시도] 1781/3000
2025-12-06 17:30:13,415 | INFO | [시도] 1782/3000
2025-12-06 17:30:15,275 | INFO | [시도] 1783/3000
2025-12-06 17:30:15,780 | WARNING | [ALERT] '파일을 찾을 수 없습니다.' -> 자동확인
2025-12-06 17:30:16,100 | INFO | [시도] 1784/3000
2025-12-06 17:30:17,944 | INFO | [시도] 1785/3000
2025-12-06 17:30:19,790 | INFO | [시도] 1786/3000
2025-12-06 17:30:21,635 | INFO | [시도] 1787/3000
2025-12-06 17:30:23,480 | INFO | [시도] 1788/3000
2025-12-06 17:30:25,341 | INFO | [시도] 1789/3000
2025-12-06 17:30:25,845 | WARNING | [ALERT] '파일을 찾을 수 없습니다.' -> 자동확인
2025-12-06 17:30:26,167 | INFO | [시도] 1790/3000
2025-12-06 17:30:28,011 | INFO | [시도] 1791/3000
2025-12-06 17:30:29,856 | INFO | [시도] 1792/3000
2025-12-06 17:30:31,701 | INFO | [시도] 1793/3000
2025-12-06 17:30:33,546 | INFO | [시도] 1794/3000
2025-12-06 17:30:35,390 | INFO | [시도] 1795/3000
2025-12-06 17:30:37,235 | INFO | [시도] 1796/3000
2025-12-06 17:30:39,081 | INFO | [시도] 1797/3000
2025-12-06 17:30:40,940 | INFO | [시도] 1798/3000
2025-12-06 17:30:42,786 | INFO | [시도] 1799/3000
2025-12-06 17:30:44,632 | INFO | [시도] 1800/3000
2025-12-06 17:30:46,476 | INFO | [시도] 1801/3000
2025-12-06 17:30:48,336 | INFO | [시도] 1802/3000
2025-12-06 17:30:50,196 | INFO | [시도] 1803/3000
2025-12-06 17:30:52,041 | INFO | [시도] 1804/3000
2025-12-06 17:30:53,887 | INFO | [시도] 1805/3000
2025-12-06 17:30:55,746 | INFO | [시도] 1806/3000
2025-12-06 17:30:57,591 | INFO | [시도] 1807/3000
2025-12-06 17:30:59,451 | INFO | [시도] 1808/3000
2025-12-06 17:31:01,296 | INFO | [시도] 1809/3000
2025-12-06 17:31:03,156 | INFO | [시도] 1810/3000
2025-12-06 17:31:05,001 | INFO | [시도] 1811/3000
2025-12-06 17:31:06,846 | INFO | [시도] 1812/3000
2025-12-06 17:31:08,692 | INFO | [시도] 1813/3000
2025-12-06 17:31:09,211 | WARNING | [ALERT] '파일을 찾을 수 없습니다.' -> 자동확인
2025-12-06 17:31:09,533 | INFO | [시도] 1814/3000
2025-12-06 17:31:11,392 | INFO | [시도] 1815/3000
2025-12-06 17:31:13,236 | INFO | [시도] 1816/3000
2025-12-06 17:31:13,741 | WARNING | [ALERT] '파일을 찾을 수 없습니다.' -> 자동확인
2025-12-06 17:31:14,062 | INFO | [시도] 1817/3000
2025-12-06 17:31:14,581 | WARNING | [ALERT] '파일을 찾을 수 없습니다.' -> 자동확인
2025-12-06 17:31:14,901 | INFO | [시도] 1818/3000
2025-12-06 17:31:16,749 | INFO | [시도] 1819/3000
2025-12-06 17:31:18,606 | INFO | [시도] 1820/3000
2025-12-06 17:31:20,451 | INFO | [시도] 1821/3000
2025-12-06 17:31:20,956 | WARNING | [ALERT] '파일을 찾을 수 없습니다.' -> 자동확인
2025-12-06 17:31:21,276 | INFO | [시도] 1822/3000
2025-12-06 17:31:23,122 | INFO | [시도] 1823/3000
2025-12-06 17:31:24,981 | INFO | [시도] 1824/3000
2025-12-06 17:31:26,825 | INFO | [시도] 1825/3000
2025-12-06 17:31:28,686 | INFO | [시도] 1826/3000
2025-12-06 17:31:30,531 | INFO | [시도] 1827/3000
2025-12-06 17:31:32,376 | INFO | [시도] 1828/3000
2025-12-06 17:31:34,236 | INFO | [시도] 1829/3000
2025-12-06 17:31:36,081 | INFO | [시도] 1830/3000
2025-12-06 17:31:37,926 | INFO | [시도] 1831/3000
2025-12-06 17:31:39,770 | INFO | [시도] 1832/3000
2025-12-06 17:31:41,616 | INFO | [시도] 1833/3000
2025-12-06 17:31:43,462 | INFO | [시도] 1834/3000
2025-12-06 17:31:45,336 | INFO | [시도] 1835/3000
2025-12-06 17:31:47,180 | INFO | [시도] 1836/3000
2025-12-06 17:31:49,027 | INFO | [시도] 1837/3000
2025-12-06 17:31:50,871 | INFO | [시도] 1838/3000
2025-12-06 17:31:52,716 | INFO | [시도] 1839/3000
2025-12-06 17:31:54,562 | INFO | [시도] 1840/3000
2025-12-06 17:31:56,420 | INFO | [시도] 1841/3000
2025-12-06 17:31:58,266 | INFO | [시도] 1842/3000
2025-12-06 17:32:00,111 | INFO | [시도] 1843/3000
2025-12-06 17:32:01,956 | INFO | [시도] 1844/3000
2025-12-06 17:32:03,801 | INFO | [시도] 1845/3000
2025-12-06 17:32:05,646 | INFO | [시도] 1846/3000
2025-12-06 17:32:07,492 | INFO | [시도] 1847/3000
2025-12-06 17:32:09,336 | INFO | [시도] 1848/3000
2025-12-06 17:32:11,181 | INFO | [시도] 1849/3000
2025-12-06 17:32:13,026 | INFO | [시도] 1850/3000
2025-12-06 17:32:14,887 | INFO | [시도] 1851/3000
2025-12-06 17:32:16,746 | INFO | [시도] 1852/3000
2025-12-06 17:32:18,591 | INFO | [시도] 1853/3000
2025-12-06 17:32:19,095 | WARNING | [ALERT] '파일을 찾을 수 없습니다.' -> 자동확인
2025-12-06 17:32:19,417 | INFO | [시도] 1854/3000
2025-12-06 17:32:19,921 | WARNING | [ALERT] '파일을 찾을 수 없습니다.' -> 자동확인
2025-12-06 17:32:20,240 | INFO | [시도] 1855/3000
2025-12-06 17:32:20,746 | WARNING | [ALERT] '파일을 찾을 수 없습니다.' -> 자동확인
2025-12-06 17:32:21,066 | INFO | [시도] 1856/3000
2025-12-06 17:32:22,927 | INFO | [시도] 1857/3000
2025-12-06 17:32:24,770 | INFO | [시도] 1858/3000
2025-12-06 17:32:26,617 | INFO | [시도] 1859/3000
2025-12-06 17:32:27,136 | WARNING | [ALERT] '파일을 찾을 수 없습니다.' -> 자동확인
2025-12-06 17:32:27,457 | INFO | [시도] 1860/3000
2025-12-06 17:32:29,303 | INFO | [시도] 1861/3000
2025-12-06 17:32:31,161 | INFO | [시도] 1862/3000
2025-12-06 17:32:33,023 | INFO | [시도] 1863/3000
2025-12-06 17:32:34,897 | INFO | [시도] 1864/3000
2025-12-06 17:32:36,757 | INFO | [시도] 1865/3000
2025-12-06 17:32:38,617 | INFO | [시도] 1866/3000
2025-12-06 17:32:40,476 | INFO | [시도] 1867/3000
2025-12-06 17:32:42,336 | INFO | [시도] 1868/3000
2025-12-06 17:32:42,841 | WARNING | [ALERT] '파일을 찾을 수 없습니다.' -> 자동확인
2025-12-06 17:32:43,162 | INFO | [시도] 1869/3000
2025-12-06 17:32:45,022 | INFO | [시도] 1870/3000
2025-12-06 17:32:46,865 | INFO | [시도] 1871/3000
2025-12-06 17:32:48,710 | INFO | [시도] 1872/3000
2025-12-06 17:32:50,556 | INFO | [시도] 1873/3000
2025-12-06 17:32:52,400 | INFO | [시도] 1874/3000
2025-12-06 17:32:52,906 | WARNING | [ALERT] '파일을 찾을 수 없습니다.' -> 자동확인
2025-12-06 17:32:53,227 | INFO | [시도] 1875/3000
2025-12-06 17:32:55,071 | INFO | [시도] 1876/3000
2025-12-06 17:32:56,915 | INFO | [시도] 1877/3000
2025-12-06 17:32:58,761 | INFO | [시도] 1878/3000
2025-12-06 17:33:00,606 | INFO | [시도] 1879/3000
2025-12-06 17:33:02,455 | INFO | [시도] 1880/3000
2025-12-06 17:33:04,311 | INFO | [시도] 1881/3000
2025-12-06 17:33:06,156 | INFO | [시도] 1882/3000
2025-12-06 17:33:08,001 | INFO | [시도] 1883/3000
2025-12-06 17:33:09,845 | INFO | [시도] 1884/3000
2025-12-06 17:33:11,691 | INFO | [시도] 1885/3000
2025-12-06 17:33:13,537 | INFO | [시도] 1886/3000
2025-12-06 17:33:15,400 | INFO | [시도] 1887/3000
2025-12-06 17:33:17,256 | INFO | [시도] 1888/3000
2025-12-06 17:33:19,101 | INFO | [시도] 1889/3000
2025-12-06 17:33:20,947 | INFO | [시도] 1890/3000
2025-12-06 17:33:22,807 | INFO | [시도] 1891/3000
2025-12-06 17:33:24,666 | INFO | [시도] 1892/3000
2025-12-06 17:33:26,511 | INFO | [시도] 1893/3000
2025-12-06 17:33:28,356 | INFO | [시도] 1894/3000
2025-12-06 17:33:30,201 | INFO | [시도] 1895/3000
2025-12-06 17:33:32,047 | INFO | [시도] 1896/3000
2025-12-06 17:33:33,905 | INFO | [시도] 1897/3000
2025-12-06 17:33:35,751 | INFO | [시도] 1898/3000
2025-12-06 17:33:37,596 | INFO | [시도] 1899/3000
2025-12-06 17:33:39,456 | INFO | [시도] 1900/3000
2025-12-06 17:33:41,301 | INFO | [시도] 1901/3000
2025-12-06 17:33:43,145 | INFO | [시도] 1902/3000
2025-12-06 17:33:44,991 | INFO | [시도] 1903/3000
2025-12-06 17:33:45,496 | WARNING | [ALERT] '파일을 찾을 수 없습니다.' -> 자동확인
2025-12-06 17:33:45,817 | INFO | [시도] 1904/3000
2025-12-06 17:33:47,675 | INFO | [시도] 1905/3000
2025-12-06 17:33:49,521 | INFO | [시도] 1906/3000
2025-12-06 17:33:51,365 | INFO | [시도] 1907/3000
2025-12-06 17:33:53,210 | INFO | [시도] 1908/3000
2025-12-06 17:33:55,057 | INFO | [시도] 1909/3000
2025-12-06 17:33:56,916 | INFO | [시도] 1910/3000
2025-12-06 17:33:57,436 | WARNING | [ALERT] '파일을 찾을 수 없습니다.' -> 자동확인
2025-12-06 17:33:57,756 | INFO | [시도] 1911/3000
2025-12-06 17:33:59,600 | INFO | [시도] 1912/3000
2025-12-06 17:34:01,446 | INFO | [시도] 1913/3000
2025-12-06 17:34:03,291 | INFO | [시도] 1914/3000
2025-12-06 17:34:05,136 | INFO | [시도] 1915/3000
2025-12-06 17:34:06,996 | INFO | [시도] 1916/3000
2025-12-06 17:34:08,841 | INFO | [시도] 1917/3000
2025-12-06 17:34:10,686 | INFO | [시도] 1918/3000
2025-12-06 17:34:12,531 | INFO | [시도] 1919/3000
2025-12-06 17:34:14,391 | INFO | [시도] 1920/3000
2025-12-06 17:34:16,236 | INFO | [시도] 1921/3000
2025-12-06 17:34:18,082 | INFO | [시도] 1922/3000
2025-12-06 17:34:19,927 | INFO | [시도] 1923/3000
2025-12-06 17:34:21,787 | INFO | [시도] 1924/3000
2025-12-06 17:34:22,291 | WARNING | [ALERT] '파일을 찾을 수 없습니다.' -> 자동확인
2025-12-06 17:34:22,611 | INFO | [시도] 1925/3000
2025-12-06 17:34:24,471 | INFO | [시도] 1926/3000
2025-12-06 17:34:26,316 | INFO | [시도] 1927/3000
2025-12-06 17:34:28,161 | INFO | [시도] 1928/3000
2025-12-06 17:34:30,005 | INFO | [시도] 1929/3000
2025-12-06 17:34:31,851 | INFO | [시도] 1930/3000
2025-12-06 17:34:33,696 | INFO | [시도] 1931/3000
2025-12-06 17:34:35,541 | INFO | [시도] 1932/3000
2025-12-06 17:34:37,386 | INFO | [시도] 1933/3000
2025-12-06 17:34:39,246 | INFO | [시도] 1934/3000
2025-12-06 17:34:41,090 | INFO | [시도] 1935/3000
2025-12-06 17:34:42,937 | INFO | [시도] 1936/3000
2025-12-06 17:34:44,800 | INFO | [시도] 1937/3000
2025-12-06 17:34:46,657 | INFO | [시도] 1938/3000
2025-12-06 17:34:48,517 | INFO | [시도] 1939/3000
2025-12-06 17:34:50,377 | INFO | [시도] 1940/3000
2025-12-06 17:34:52,222 | INFO | [시도] 1941/3000
2025-12-06 17:34:54,068 | INFO | [시도] 1942/3000
2025-12-06 17:34:55,916 | INFO | [시도] 1943/3000
2025-12-06 17:34:57,771 | INFO | [시도] 1944/3000
2025-12-06 17:34:59,618 | INFO | [시도] 1945/3000
2025-12-06 17:35:01,477 | INFO | [시도] 1946/3000
2025-12-06 17:35:03,323 | INFO | [시도] 1947/3000
2025-12-06 17:35:05,183 | INFO | [시도] 1948/3000
2025-12-06 17:35:07,042 | INFO | [시도] 1949/3000
2025-12-06 17:35:08,887 | INFO | [시도] 1950/3000
2025-12-06 17:35:10,732 | INFO | [시도] 1951/3000
2025-12-06 17:35:12,577 | INFO | [시도] 1952/3000
2025-12-06 17:35:14,422 | INFO | [시도] 1953/3000
2025-12-06 17:35:14,927 | WARNING | [ALERT] '파일을 찾을 수 없습니다.' -> 자동확인
2025-12-06 17:35:15,248 | INFO | [시도] 1954/3000
2025-12-06 17:35:17,137 | INFO | [시도] 1955/3000
2025-12-06 17:35:18,986 | INFO | [시도] 1956/3000
2025-12-06 17:35:20,842 | INFO | [시도] 1957/3000
2025-12-06 17:35:22,686 | INFO | [시도] 1958/3000
2025-12-06 17:35:24,535 | INFO | [시도] 1959/3000
2025-12-06 17:35:26,393 | INFO | [시도] 1960/3000
2025-12-06 17:35:28,252 | INFO | [시도] 1961/3000
2025-12-06 17:35:30,098 | INFO | [시도] 1962/3000
2025-12-06 17:35:31,942 | INFO | [시도] 1963/3000
2025-12-06 17:35:32,447 | WARNING | [ALERT] '파일을 찾을 수 없습니다.' -> 자동확인
2025-12-06 17:35:32,768 | INFO | [시도] 1964/3000
2025-12-06 17:35:34,627 | INFO | [시도] 1965/3000
2025-12-06 17:35:36,471 | INFO | [시도] 1966/3000
2025-12-06 17:35:38,317 | INFO | [시도] 1967/3000
2025-12-06 17:35:40,177 | INFO | [시도] 1968/3000
2025-12-06 17:35:42,022 | INFO | [시도] 1969/3000
2025-12-06 17:35:43,869 | INFO | [시도] 1970/3000
2025-12-06 17:35:45,727 | INFO | [시도] 1971/3000
2025-12-06 17:35:47,572 | INFO | [시도] 1972/3000
2025-12-06 17:35:49,417 | INFO | [시도] 1973/3000
2025-12-06 17:35:51,277 | INFO | [시도] 1974/3000
2025-12-06 17:35:51,797 | WARNING | [ALERT] '파일을 찾을 수 없습니다.' -> 자동확인
2025-12-06 17:35:52,118 | INFO | [시도] 1975/3000
2025-12-06 17:35:53,977 | INFO | [시도] 1976/3000
2025-12-06 17:35:55,823 | INFO | [시도] 1977/3000
2025-12-06 17:35:57,682 | INFO | [시도] 1978/3000
2025-12-06 17:35:59,527 | INFO | [시도] 1979/3000
2025-12-06 17:36:01,372 | INFO | [시도] 1980/3000
2025-12-06 17:36:03,232 | INFO | [시도] 1981/3000
2025-12-06 17:36:05,077 | INFO | [시도] 1982/3000
2025-12-06 17:36:06,922 | INFO | [시도] 1983/3000
2025-12-06 17:36:08,767 | INFO | [시도] 1984/3000
2025-12-06 17:36:10,626 | INFO | [시도] 1985/3000
2025-12-06 17:36:12,472 | INFO | [시도] 1986/3000
2025-12-06 17:36:14,316 | INFO | [시도] 1987/3000
2025-12-06 17:36:16,163 | INFO | [시도] 1988/3000
2025-12-06 17:36:18,022 | INFO | [시도] 1989/3000
2025-12-06 17:36:19,867 | INFO | [시도] 1990/3000
2025-12-06 17:36:21,712 | INFO | [시도] 1991/3000
2025-12-06 17:36:23,557 | INFO | [시도] 1992/3000
2025-12-06 17:36:25,403 | INFO | [시도] 1993/3000
2025-12-06 17:36:27,262 | INFO | [시도] 1994/3000
2025-12-06 17:36:29,122 | INFO | [시도] 1995/3000
2025-12-06 17:36:30,982 | INFO | [시도] 1996/3000
2025-12-06 17:36:32,827 | INFO | [시도] 1997/3000
2025-12-06 17:36:34,672 | INFO | [시도] 1998/3000
2025-12-06 17:36:36,518 | INFO | [시도] 1999/3000
2025-12-06 17:36:38,377 | INFO | [시도] 2000/3000
2025-12-06 17:36:40,222 | INFO | [시도] 2001/3000
2025-12-06 17:36:42,067 | INFO | [시도] 2002/3000
2025-12-06 17:36:43,913 | INFO | [시도] 2003/3000
2025-12-06 17:36:45,772 | INFO | [시도] 2004/3000
2025-12-06 17:36:47,618 | INFO | [시도] 2005/3000
2025-12-06 17:36:49,484 | INFO | [시도] 2006/3000
2025-12-06 17:36:51,336 | INFO | [시도] 2007/3000
2025-12-06 17:36:53,182 | INFO | [시도] 2008/3000
2025-12-06 17:36:55,027 | INFO | [시도] 2009/3000
2025-12-06 17:36:56,902 | INFO | [시도] 2010/3000
2025-12-06 17:36:58,746 | INFO | [시도] 2011/3000
2025-12-06 17:37:00,591 | INFO | [시도] 2012/3000
2025-12-06 17:37:02,437 | INFO | [시도] 2013/3000
2025-12-06 17:37:04,281 | INFO | [시도] 2014/3000
2025-12-06 17:37:06,128 | INFO | [시도] 2015/3000
2025-12-06 17:37:07,986 | INFO | [시도] 2016/3000
2025-12-06 17:37:09,832 | INFO | [시도] 2017/3000
2025-12-06 17:37:11,677 | INFO | [시도] 2018/3000
2025-12-06 17:37:13,522 | INFO | [시도] 2019/3000
2025-12-06 17:37:15,367 | INFO | [시도] 2020/3000
2025-12-06 17:37:17,211 | INFO | [시도] 2021/3000
2025-12-06 17:37:19,057 | INFO | [시도] 2022/3000
2025-12-06 17:37:20,902 | INFO | [시도] 2023/3000
2025-12-06 17:37:22,748 | INFO | [시도] 2024/3000
2025-12-06 17:37:24,606 | INFO | [시도] 2025/3000
2025-12-06 17:37:26,452 | INFO | [시도] 2026/3000
2025-12-06 17:37:28,296 | INFO | [시도] 2027/3000
2025-12-06 17:37:30,142 | INFO | [시도] 2028/3000
2025-12-06 17:37:31,987 | INFO | [시도] 2029/3000
2025-12-06 17:37:33,831 | INFO | [시도] 2030/3000
2025-12-06 17:37:35,677 | INFO | [시도] 2031/3000
2025-12-06 17:37:37,537 | INFO | [시도] 2032/3000
2025-12-06 17:37:39,383 | INFO | [시도] 2033/3000
2025-12-06 17:37:41,242 | INFO | [시도] 2034/3000
2025-12-06 17:37:43,088 | INFO | [시도] 2035/3000
2025-12-06 17:37:44,947 | INFO | [시도] 2036/3000
2025-12-06 17:37:46,793 | INFO | [시도] 2037/3000
2025-12-06 17:37:47,312 | WARNING | [ALERT] '파일을 찾을 수 없습니다.' -> 자동확인
2025-12-06 17:37:47,633 | INFO | [시도] 2038/3000
2025-12-06 17:37:48,152 | WARNING | [ALERT] '파일을 찾을 수 없습니다.' -> 자동확인
2025-12-06 17:37:48,473 | INFO | [시도] 2039/3000
2025-12-06 17:37:48,992 | WARNING | [ALERT] '파일을 찾을 수 없습니다.' -> 자동확인
2025-12-06 17:37:49,312 | INFO | [시도] 2040/3000
2025-12-06 17:37:49,832 | WARNING | [ALERT] '파일을 찾을 수 없습니다.' -> 자동확인
2025-12-06 17:37:50,153 | INFO | [시도] 2041/3000
2025-12-06 17:37:50,657 | WARNING | [ALERT] '파일을 찾을 수 없습니다.' -> 자동확인
2025-12-06 17:37:50,978 | INFO | [시도] 2042/3000
2025-12-06 17:37:51,497 | WARNING | [ALERT] '파일을 찾을 수 없습니다.' -> 자동확인
2025-12-06 17:37:51,817 | INFO | [시도] 2043/3000
2025-12-06 17:37:52,322 | WARNING | [ALERT] '파일을 찾을 수 없습니다.' -> 자동확인
2025-12-06 17:37:52,642 | INFO | [시도] 2044/3000
2025-12-06 17:37:53,147 | WARNING | [ALERT] '파일을 찾을 수 없습니다.' -> 자동확인
2025-12-06 17:37:53,467 | INFO | [시도] 2045/3000
2025-12-06 17:37:53,972 | WARNING | [ALERT] '파일을 찾을 수 없습니다.' -> 자동확인
2025-12-06 17:37:54,292 | INFO | [시도] 2046/3000
2025-12-06 17:37:54,797 | WARNING | [ALERT] '파일을 찾을 수 없습니다.' -> 자동확인
2025-12-06 17:37:55,117 | INFO | [시도] 2047/3000
2025-12-06 17:37:55,637 | WARNING | [ALERT] '파일을 찾을 수 없습니다.' -> 자동확인
2025-12-06 17:37:55,958 | INFO | [시도] 2048/3000
2025-12-06 17:37:56,477 | WARNING | [ALERT] '파일을 찾을 수 없습니다.' -> 자동확인
2025-12-06 17:37:56,802 | INFO | [시도] 2049/3000
2025-12-06 17:37:57,316 | WARNING | [ALERT] '파일을 찾을 수 없습니다.' -> 자동확인
2025-12-06 17:37:57,638 | INFO | [시도] 2050/3000
2025-12-06 17:37:58,157 | WARNING | [ALERT] '파일을 찾을 수 없습니다.' -> 자동확인
2025-12-06 17:37:58,477 | INFO | [시도] 2051/3000
2025-12-06 17:37:58,997 | WARNING | [ALERT] '파일을 찾을 수 없습니다.' -> 자동확인
2025-12-06 17:37:59,317 | INFO | [시도] 2052/3000
2025-12-06 17:37:59,837 | WARNING | [ALERT] '파일을 찾을 수 없습니다.' -> 자동확인
2025-12-06 17:38:00,158 | INFO | [시도] 2053/3000
2025-12-06 17:38:00,676 | WARNING | [ALERT] '파일을 찾을 수 없습니다.' -> 자동확인
2025-12-06 17:38:00,998 | INFO | [시도] 2054/3000
2025-12-06 17:38:01,517 | WARNING | [ALERT] '파일을 찾을 수 없습니다.' -> 자동확인
2025-12-06 17:38:01,838 | INFO | [시도] 2055/3000
2025-12-06 17:38:02,357 | WARNING | [ALERT] '파일을 찾을 수 없습니다.' -> 자동확인
2025-12-06 17:38:02,678 | INFO | [시도] 2056/3000
2025-12-06 17:38:03,196 | WARNING | [ALERT] '파일을 찾을 수 없습니다.' -> 자동확인
2025-12-06 17:38:03,518 | INFO | [시도] 2057/3000
2025-12-06 17:38:04,022 | WARNING | [ALERT] '파일을 찾을 수 없습니다.' -> 자동확인
2025-12-06 17:38:04,342 | INFO | [시도] 2058/3000
2025-12-06 17:38:04,862 | WARNING | [ALERT] '파일을 찾을 수 없습니다.' -> 자동확인
2025-12-06 17:38:05,183 | INFO | [시도] 2059/3000
2025-12-06 17:38:05,687 | WARNING | [ALERT] '파일을 찾을 수 없습니다.' -> 자동확인
2025-12-06 17:38:06,008 | INFO | [시도] 2060/3000
2025-12-06 17:38:06,512 | WARNING | [ALERT] '파일을 찾을 수 없습니다.' -> 자동확인
2025-12-06 17:38:06,833 | INFO | [시도] 2061/3000
2025-12-06 17:38:07,337 | WARNING | [ALERT] '파일을 찾을 수 없습니다.' -> 자동확인
2025-12-06 17:38:07,657 | INFO | [시도] 2062/3000
2025-12-06 17:38:08,161 | WARNING | [ALERT] '파일을 찾을 수 없습니다.' -> 자동확인
2025-12-06 17:38:08,482 | INFO | [시도] 2063/3000
2025-12-06 17:38:08,987 | WARNING | [ALERT] '파일을 찾을 수 없습니다.' -> 자동확인
2025-12-06 17:38:09,307 | INFO | [시도] 2064/3000
2025-12-06 17:38:09,826 | WARNING | [ALERT] '파일을 찾을 수 없습니다.' -> 자동확인
2025-12-06 17:38:10,148 | INFO | [시도] 2065/3000
2025-12-06 17:38:10,651 | WARNING | [ALERT] '파일을 찾을 수 없습니다.' -> 자동확인
2025-12-06 17:38:10,973 | INFO | [시도] 2066/3000
2025-12-06 17:38:11,476 | WARNING | [ALERT] '파일을 찾을 수 없습니다.' -> 자동확인
2025-12-06 17:38:11,798 | INFO | [시도] 2067/3000
2025-12-06 17:38:12,302 | WARNING | [ALERT] '파일을 찾을 수 없습니다.' -> 자동확인
2025-12-06 17:38:12,635 | INFO | [시도] 2068/3000
2025-12-06 17:38:13,141 | WARNING | [ALERT] '파일을 찾을 수 없습니다.' -> 자동확인
2025-12-06 17:38:13,462 | INFO | [시도] 2069/3000
2025-12-06 17:38:13,982 | WARNING | [ALERT] '파일을 찾을 수 없습니다.' -> 자동확인
2025-12-06 17:38:14,302 | INFO | [시도] 2070/3000
2025-12-06 17:38:14,807 | WARNING | [ALERT] '파일을 찾을 수 없습니다.' -> 자동확인
2025-12-06 17:38:15,127 | INFO | [시도] 2071/3000
2025-12-06 17:38:15,647 | WARNING | [ALERT] '파일을 찾을 수 없습니다.' -> 자동확인
2025-12-06 17:38:15,967 | INFO | [시도] 2072/3000
2025-12-06 17:38:16,487 | WARNING | [ALERT] '파일을 찾을 수 없습니다.' -> 자동확인
2025-12-06 17:38:16,808 | INFO | [시도] 2073/3000
2025-12-06 17:38:17,327 | WARNING | [ALERT] '파일을 찾을 수 없습니다.' -> 자동확인
2025-12-06 17:38:17,647 | INFO | [시도] 2074/3000
2025-12-06 17:38:18,152 | WARNING | [ALERT] '파일을 찾을 수 없습니다.' -> 자동확인
2025-12-06 17:38:18,473 | INFO | [시도] 2075/3000
2025-12-06 17:38:18,991 | WARNING | [ALERT] '파일을 찾을 수 없습니다.' -> 자동확인
2025-12-06 17:38:19,313 | INFO | [시도] 2076/3000
2025-12-06 17:38:19,832 | WARNING | [ALERT] '파일을 찾을 수 없습니다.' -> 자동확인
2025-12-06 17:38:20,153 | INFO | [시도] 2077/3000
2025-12-06 17:38:20,672 | WARNING | [ALERT] '파일을 찾을 수 없습니다.' -> 자동확인
2025-12-06 17:38:20,993 | INFO | [시도] 2078/3000
2025-12-06 17:38:21,512 | WARNING | [ALERT] '파일을 찾을 수 없습니다.' -> 자동확인
2025-12-06 17:38:21,832 | INFO | [시도] 2079/3000
2025-12-06 17:38:22,351 | WARNING | [ALERT] '파일을 찾을 수 없습니다.' -> 자동확인
2025-12-06 17:38:22,673 | INFO | [시도] 2080/3000
2025-12-06 17:38:23,177 | WARNING | [ALERT] '파일을 찾을 수 없습니다.' -> 자동확인
2025-12-06 17:38:23,498 | INFO | [시도] 2081/3000
2025-12-06 17:38:24,017 | WARNING | [ALERT] '파일을 찾을 수 없습니다.' -> 자동확인
2025-12-06 17:38:24,338 | INFO | [시도] 2082/3000
2025-12-06 17:38:24,857 | WARNING | [ALERT] '파일을 찾을 수 없습니다.' -> 자동확인
2025-12-06 17:38:25,178 | INFO | [시도] 2083/3000
2025-12-06 17:38:25,696 | WARNING | [ALERT] '파일을 찾을 수 없습니다.' -> 자동확인
2025-12-06 17:38:26,018 | INFO | [시도] 2084/3000
2025-12-06 17:38:26,522 | WARNING | [ALERT] '파일을 찾을 수 없습니다.' -> 자동확인
2025-12-06 17:38:26,842 | INFO | [시도] 2085/3000
2025-12-06 17:38:27,346 | WARNING | [ALERT] '파일을 찾을 수 없습니다.' -> 자동확인
2025-12-06 17:38:27,667 | INFO | [시도] 2086/3000
2025-12-06 17:38:28,187 | WARNING | [ALERT] '파일을 찾을 수 없습니다.' -> 자동확인
2025-12-06 17:38:28,508 | INFO | [시도] 2087/3000
2025-12-06 17:38:29,027 | WARNING | [ALERT] '파일을 찾을 수 없습니다.' -> 자동확인
2025-12-06 17:38:29,347 | INFO | [시도] 2088/3000
2025-12-06 17:38:29,867 | WARNING | [ALERT] '파일을 찾을 수 없습니다.' -> 자동확인
2025-12-06 17:38:30,187 | INFO | [시도] 2089/3000
2025-12-06 17:38:30,706 | WARNING | [ALERT] '파일을 찾을 수 없습니다.' -> 자동확인
2025-12-06 17:38:31,029 | INFO | [시도] 2090/3000
2025-12-06 17:38:31,547 | WARNING | [ALERT] '파일을 찾을 수 없습니다.' -> 자동확인
2025-12-06 17:38:31,868 | INFO | [시도] 2091/3000
2025-12-06 17:38:32,372 | WARNING | [ALERT] '파일을 찾을 수 없습니다.' -> 자동확인
2025-12-06 17:38:32,692 | INFO | [시도] 2092/3000
2025-12-06 17:38:33,197 | WARNING | [ALERT] '파일을 찾을 수 없습니다.' -> 자동확인
2025-12-06 17:38:33,517 | INFO | [시도] 2093/3000
2025-12-06 17:38:34,037 | WARNING | [ALERT] '파일을 찾을 수 없습니다.' -> 자동확인
2025-12-06 17:38:34,357 | INFO | [시도] 2094/3000
2025-12-06 17:38:34,877 | WARNING | [ALERT] '파일을 찾을 수 없습니다.' -> 자동확인
2025-12-06 17:38:35,197 | INFO | [시도] 2095/3000
2025-12-06 17:38:35,702 | WARNING | [ALERT] '파일을 찾을 수 없습니다.' -> 자동확인
2025-12-06 17:38:36,023 | INFO | [시도] 2096/3000
2025-12-06 17:38:36,527 | WARNING | [ALERT] '파일을 찾을 수 없습니다.' -> 자동확인
2025-12-06 17:38:36,847 | INFO | [시도] 2097/3000
2025-12-06 17:38:37,367 | WARNING | [ALERT] '파일을 찾을 수 없습니다.' -> 자동확인
2025-12-06 17:38:37,688 | INFO | [시도] 2098/3000
2025-12-06 17:38:38,207 | WARNING | [ALERT] '파일을 찾을 수 없습니다.' -> 자동확인
2025-12-06 17:38:38,527 | INFO | [시도] 2099/3000
2025-12-06 17:38:39,032 | WARNING | [ALERT] '파일을 찾을 수 없습니다.' -> 자동확인
2025-12-06 17:38:39,352 | INFO | [시도] 2100/3000
2025-12-06 17:38:39,857 | WARNING | [ALERT] '파일을 찾을 수 없습니다.' -> 자동확인
2025-12-06 17:38:40,177 | INFO | [시도] 2101/3000
2025-12-06 17:38:40,696 | WARNING | [ALERT] '파일을 찾을 수 없습니다.' -> 자동확인
2025-12-06 17:38:41,017 | INFO | [시도] 2102/3000
2025-12-06 17:38:41,537 | WARNING | [ALERT] '파일을 찾을 수 없습니다.' -> 자동확인
2025-12-06 17:38:41,857 | INFO | [시도] 2103/3000
2025-12-06 17:38:42,362 | WARNING | [ALERT] '파일을 찾을 수 없습니다.' -> 자동확인
2025-12-06 17:38:42,682 | INFO | [시도] 2104/3000
2025-12-06 17:38:43,201 | WARNING | [ALERT] '파일을 찾을 수 없습니다.' -> 자동확인
2025-12-06 17:38:43,522 | INFO | [시도] 2105/3000
2025-12-06 17:38:44,027 | WARNING | [ALERT] '파일을 찾을 수 없습니다.' -> 자동확인
2025-12-06 17:38:44,347 | INFO | [시도] 2106/3000
2025-12-06 17:38:44,852 | WARNING | [ALERT] '파일을 찾을 수 없습니다.' -> 자동확인
2025-12-06 17:38:45,173 | INFO | [시도] 2107/3000
2025-12-06 17:38:45,692 | WARNING | [ALERT] '파일을 찾을 수 없습니다.' -> 자동확인
2025-12-06 17:38:46,013 | INFO | [시도] 2108/3000
2025-12-06 17:38:46,532 | WARNING | [ALERT] '파일을 찾을 수 없습니다.' -> 자동확인
2025-12-06 17:38:46,854 | INFO | [시도] 2109/3000
2025-12-06 17:38:47,372 | WARNING | [ALERT] '파일을 찾을 수 없습니다.' -> 자동확인
2025-12-06 17:38:47,692 | INFO | [시도] 2110/3000
2025-12-06 17:38:48,197 | WARNING | [ALERT] '파일을 찾을 수 없습니다.' -> 자동확인
2025-12-06 17:38:48,517 | INFO | [시도] 2111/3000
2025-12-06 17:38:49,037 | WARNING | [ALERT] '파일을 찾을 수 없습니다.' -> 자동확인
2025-12-06 17:38:49,357 | INFO | [시도] 2112/3000
2025-12-06 17:38:49,877 | WARNING | [ALERT] '파일을 찾을 수 없습니다.' -> 자동확인
2025-12-06 17:38:50,198 | INFO | [시도] 2113/3000
2025-12-06 17:38:50,701 | WARNING | [ALERT] '파일을 찾을 수 없습니다.' -> 자동확인
2025-12-06 17:38:51,022 | INFO | [시도] 2114/3000
2025-12-06 17:38:51,527 | WARNING | [ALERT] '파일을 찾을 수 없습니다.' -> 자동확인
2025-12-06 17:38:51,847 | INFO | [시도] 2115/3000
2025-12-06 17:38:52,352 | WARNING | [ALERT] '파일을 찾을 수 없습니다.' -> 자동확인
2025-12-06 17:38:52,672 | INFO | [시도] 2116/3000
2025-12-06 17:38:53,177 | WARNING | [ALERT] '파일을 찾을 수 없습니다.' -> 자동확인
2025-12-06 17:38:53,498 | INFO | [시도] 2117/3000
2025-12-06 17:38:54,017 | WARNING | [ALERT] '파일을 찾을 수 없습니다.' -> 자동확인
2025-12-06 17:38:54,337 | INFO | [시도] 2118/3000
2025-12-06 17:38:54,856 | WARNING | [ALERT] '파일을 찾을 수 없습니다.' -> 자동확인
2025-12-06 17:38:55,177 | INFO | [시도] 2119/3000
2025-12-06 17:38:55,681 | WARNING | [ALERT] '파일을 찾을 수 없습니다.' -> 자동확인
2025-12-06 17:38:56,003 | INFO | [시도] 2120/3000
2025-12-06 17:38:56,507 | WARNING | [ALERT] '파일을 찾을 수 없습니다.' -> 자동확인
2025-12-06 17:38:56,827 | INFO | [시도] 2121/3000
2025-12-06 17:38:57,332 | WARNING | [ALERT] '파일을 찾을 수 없습니다.' -> 자동확인
2025-12-06 17:38:57,652 | INFO | [시도] 2122/3000
2025-12-06 17:38:58,172 | WARNING | [ALERT] '파일을 찾을 수 없습니다.' -> 자동확인
2025-12-06 17:38:58,492 | INFO | [시도] 2123/3000
2025-12-06 17:38:58,997 | WARNING | [ALERT] '파일을 찾을 수 없습니다.' -> 자동확인
2025-12-06 17:38:59,318 | INFO | [시도] 2124/3000
2025-12-06 17:38:59,821 | WARNING | [ALERT] '파일을 찾을 수 없습니다.' -> 자동확인
2025-12-06 17:39:00,143 | INFO | [시도] 2125/3000
2025-12-06 17:39:00,662 | WARNING | [ALERT] '파일을 찾을 수 없습니다.' -> 자동확인
2025-12-06 17:39:00,982 | INFO | [시도] 2126/3000
2025-12-06 17:39:01,487 | WARNING | [ALERT] '파일을 찾을 수 없습니다.' -> 자동확인
2025-12-06 17:39:01,808 | INFO | [시도] 2127/3000
2025-12-06 17:39:02,313 | WARNING | [ALERT] '파일을 찾을 수 없습니다.' -> 자동확인
2025-12-06 17:39:02,632 | INFO | [시도] 2128/3000
2025-12-06 17:39:03,136 | WARNING | [ALERT] '파일을 찾을 수 없습니다.' -> 자동확인
2025-12-06 17:39:03,458 | INFO | [시도] 2129/3000
2025-12-06 17:39:03,961 | WARNING | [ALERT] '파일을 찾을 수 없습니다.' -> 자동확인
2025-12-06 17:39:04,282 | INFO | [시도] 2130/3000
2025-12-06 17:39:04,786 | WARNING | [ALERT] '파일을 찾을 수 없습니다.' -> 자동확인
2025-12-06 17:39:05,107 | INFO | [시도] 2131/3000
2025-12-06 17:39:05,627 | WARNING | [ALERT] '파일을 찾을 수 없습니다.' -> 자동확인
2025-12-06 17:39:05,947 | INFO | [시도] 2132/3000
2025-12-06 17:39:06,452 | WARNING | [ALERT] '파일을 찾을 수 없습니다.' -> 자동확인
2025-12-06 17:39:06,772 | INFO | [시도] 2133/3000
2025-12-06 17:39:07,277 | WARNING | [ALERT] '파일을 찾을 수 없습니다.' -> 자동확인
2025-12-06 17:39:07,597 | INFO | [시도] 2134/3000
2025-12-06 17:39:08,117 | WARNING | [ALERT] '파일을 찾을 수 없습니다.' -> 자동확인
2025-12-06 17:39:08,437 | INFO | [시도] 2135/3000
2025-12-06 17:39:08,957 | WARNING | [ALERT] '파일을 찾을 수 없습니다.' -> 자동확인
2025-12-06 17:39:09,280 | INFO | [시도] 2136/3000
2025-12-06 17:39:09,797 | WARNING | [ALERT] '파일을 찾을 수 없습니다.' -> 자동확인
2025-12-06 17:39:10,119 | INFO | [시도] 2137/3000
2025-12-06 17:39:10,636 | WARNING | [ALERT] '파일을 찾을 수 없습니다.' -> 자동확인
2025-12-06 17:39:10,958 | INFO | [시도] 2138/3000
2025-12-06 17:39:11,476 | WARNING | [ALERT] '파일을 찾을 수 없습니다.' -> 자동확인
2025-12-06 17:39:11,798 | INFO | [시도] 2139/3000
2025-12-06 17:39:12,317 | WARNING | [ALERT] '파일을 찾을 수 없습니다.' -> 자동확인
2025-12-06 17:39:12,637 | INFO | [시도] 2140/3000
2025-12-06 17:39:13,142 | WARNING | [ALERT] '파일을 찾을 수 없습니다.' -> 자동확인
2025-12-06 17:39:13,466 | INFO | [시도] 2141/3000
2025-12-06 17:39:13,982 | WARNING | [ALERT] '파일을 찾을 수 없습니다.' -> 자동확인
2025-12-06 17:39:14,302 | INFO | [시도] 2142/3000
2025-12-06 17:39:14,822 | WARNING | [ALERT] '파일을 찾을 수 없습니다.' -> 자동확인
2025-12-06 17:39:15,142 | INFO | [시도] 2143/3000
2025-12-06 17:39:15,647 | WARNING | [ALERT] '파일을 찾을 수 없습니다.' -> 자동확인
2025-12-06 17:39:15,967 | INFO | [시도] 2144/3000
2025-12-06 17:39:16,487 | WARNING | [ALERT] '파일을 찾을 수 없습니다.' -> 자동확인
2025-12-06 17:39:16,807 | INFO | [시도] 2145/3000
2025-12-06 17:39:17,327 | WARNING | [ALERT] '파일을 찾을 수 없습니다.' -> 자동확인
2025-12-06 17:39:17,647 | INFO | [시도] 2146/3000
2025-12-06 17:39:18,152 | WARNING | [ALERT] '파일을 찾을 수 없습니다.' -> 자동확인
2025-12-06 17:39:18,472 | INFO | [시도] 2147/3000
2025-12-06 17:39:18,977 | WARNING | [ALERT] '파일을 찾을 수 없습니다.' -> 자동확인
2025-12-06 17:39:19,299 | INFO | [시도] 2148/3000
2025-12-06 17:39:19,817 | WARNING | [ALERT] '파일을 찾을 수 없습니다.' -> 자동확인
2025-12-06 17:39:20,137 | INFO | [시도] 2149/3000
2025-12-06 17:39:20,642 | WARNING | [ALERT] '파일을 찾을 수 없습니다.' -> 자동확인
2025-12-06 17:39:20,962 | INFO | [시도] 2150/3000
2025-12-06 17:39:21,467 | WARNING | [ALERT] '파일을 찾을 수 없습니다.' -> 자동확인
2025-12-06 17:39:21,788 | INFO | [시도] 2151/3000
2025-12-06 17:39:22,307 | WARNING | [ALERT] '파일을 찾을 수 없습니다.' -> 자동확인
2025-12-06 17:39:22,627 | INFO | [시도] 2152/3000
2025-12-06 17:39:23,132 | WARNING | [ALERT] '파일을 찾을 수 없습니다.' -> 자동확인
2025-12-06 17:39:23,453 | INFO | [시도] 2153/3000
2025-12-06 17:39:23,958 | WARNING | [ALERT] '파일을 찾을 수 없습니다.' -> 자동확인
2025-12-06 17:39:24,278 | INFO | [시도] 2154/3000
2025-12-06 17:39:24,796 | WARNING | [ALERT] '파일을 찾을 수 없습니다.' -> 자동확인
2025-12-06 17:39:25,117 | INFO | [시도] 2155/3000
2025-12-06 17:39:25,622 | WARNING | [ALERT] '파일을 찾을 수 없습니다.' -> 자동확인
2025-12-06 17:39:25,942 | INFO | [시도] 2156/3000
2025-12-06 17:39:26,462 | WARNING | [ALERT] '파일을 찾을 수 없습니다.' -> 자동확인
2025-12-06 17:39:26,782 | INFO | [시도] 2157/3000
2025-12-06 17:39:27,287 | WARNING | [ALERT] '파일을 찾을 수 없습니다.' -> 자동확인
2025-12-06 17:39:27,607 | INFO | [시도] 2158/3000
2025-12-06 17:39:28,127 | WARNING | [ALERT] '파일을 찾을 수 없습니다.' -> 자동확인
2025-12-06 17:39:28,448 | INFO | [시도] 2159/3000
2025-12-06 17:39:28,967 | WARNING | [ALERT] '파일을 찾을 수 없습니다.' -> 자동확인
2025-12-06 17:39:29,287 | INFO | [시도] 2160/3000
2025-12-06 17:39:29,792 | WARNING | [ALERT] '파일을 찾을 수 없습니다.' -> 자동확인
2025-12-06 17:39:30,112 | INFO | [시도] 2161/3000
2025-12-06 17:39:30,632 | WARNING | [ALERT] '파일을 찾을 수 없습니다.' -> 자동확인
2025-12-06 17:39:30,952 | INFO | [시도] 2162/3000
2025-12-06 17:39:31,472 | WARNING | [ALERT] '파일을 찾을 수 없습니다.' -> 자동확인
2025-12-06 17:39:31,793 | INFO | [시도] 2163/3000
2025-12-06 17:39:32,312 | WARNING | [ALERT] '파일을 찾을 수 없습니다.' -> 자동확인
2025-12-06 17:39:32,632 | INFO | [시도] 2164/3000
2025-12-06 17:39:33,152 | WARNING | [ALERT] '파일을 찾을 수 없습니다.' -> 자동확인
2025-12-06 17:39:33,474 | INFO | [시도] 2165/3000
2025-12-06 17:39:33,992 | WARNING | [ALERT] '파일을 찾을 수 없습니다.' -> 자동확인
2025-12-06 17:39:34,312 | INFO | [시도] 2166/3000
2025-12-06 17:39:34,832 | WARNING | [ALERT] '파일을 찾을 수 없습니다.' -> 자동확인
2025-12-06 17:39:35,152 | INFO | [시도] 2167/3000
2025-12-06 17:39:35,657 | WARNING | [ALERT] '파일을 찾을 수 없습니다.' -> 자동확인
2025-12-06 17:39:35,977 | INFO | [시도] 2168/3000
2025-12-06 17:39:36,497 | WARNING | [ALERT] '파일을 찾을 수 없습니다.' -> 자동확인
2025-12-06 17:39:36,817 | INFO | [시도] 2169/3000
2025-12-06 17:39:37,322 | WARNING | [ALERT] '파일을 찾을 수 없습니다.' -> 자동확인
2025-12-06 17:39:37,642 | INFO | [시도] 2170/3000
2025-12-06 17:39:38,147 | WARNING | [ALERT] '파일을 찾을 수 없습니다.' -> 자동확인
2025-12-06 17:39:38,476 | INFO | [시도] 2171/3000
2025-12-06 17:39:38,987 | WARNING | [ALERT] '파일을 찾을 수 없습니다.' -> 자동확인
2025-12-06 17:39:39,307 | INFO | [시도] 2172/3000
2025-12-06 17:39:39,827 | WARNING | [ALERT] '파일을 찾을 수 없습니다.' -> 자동확인
2025-12-06 17:39:40,149 | INFO | [시도] 2173/3000
2025-12-06 17:39:40,667 | WARNING | [ALERT] '파일을 찾을 수 없습니다.' -> 자동확인
2025-12-06 17:39:40,987 | INFO | [시도] 2174/3000
2025-12-06 17:39:41,492 | WARNING | [ALERT] '파일을 찾을 수 없습니다.' -> 자동확인
2025-12-06 17:39:41,812 | INFO | [시도] 2175/3000
2025-12-06 17:39:42,331 | WARNING | [ALERT] '파일을 찾을 수 없습니다.' -> 자동확인
2025-12-06 17:39:42,653 | INFO | [시도] 2176/3000
2025-12-06 17:39:43,157 | WARNING | [ALERT] '파일을 찾을 수 없습니다.' -> 자동확인
2025-12-06 17:39:43,477 | INFO | [시도] 2177/3000
2025-12-06 17:39:43,981 | WARNING | [ALERT] '파일을 찾을 수 없습니다.' -> 자동확인
2025-12-06 17:39:44,302 | INFO | [시도] 2178/3000
2025-12-06 17:39:44,822 | WARNING | [ALERT] '파일을 찾을 수 없습니다.' -> 자동확인
2025-12-06 17:39:45,142 | INFO | [시도] 2179/3000
2025-12-06 17:39:45,647 | WARNING | [ALERT] '파일을 찾을 수 없습니다.' -> 자동확인
2025-12-06 17:39:45,967 | INFO | [시도] 2180/3000
2025-12-06 17:39:46,472 | WARNING | [ALERT] '파일을 찾을 수 없습니다.' -> 자동확인
2025-12-06 17:39:46,792 | INFO | [시도] 2181/3000
2025-12-06 17:39:47,312 | WARNING | [ALERT] '파일을 찾을 수 없습니다.' -> 자동확인
2025-12-06 17:39:47,632 | INFO | [시도] 2182/3000
2025-12-06 17:39:48,152 | WARNING | [ALERT] '파일을 찾을 수 없습니다.' -> 자동확인
2025-12-06 17:39:48,473 | INFO | [시도] 2183/3000
2025-12-06 17:39:48,992 | WARNING | [ALERT] '파일을 찾을 수 없습니다.' -> 자동확인
2025-12-06 17:39:49,312 | INFO | [시도] 2184/3000
2025-12-06 17:39:49,817 | WARNING | [ALERT] '파일을 찾을 수 없습니다.' -> 자동확인
2025-12-06 17:39:50,138 | INFO | [시도] 2185/3000
2025-12-06 17:39:50,642 | WARNING | [ALERT] '파일을 찾을 수 없습니다.' -> 자동확인
2025-12-06 17:39:50,962 | INFO | [시도] 2186/3000
2025-12-06 17:39:51,482 | WARNING | [ALERT] '파일을 찾을 수 없습니다.' -> 자동확인
2025-12-06 17:39:51,804 | INFO | [시도] 2187/3000
2025-12-06 17:39:52,322 | WARNING | [ALERT] '파일을 찾을 수 없습니다.' -> 자동확인
2025-12-06 17:39:52,642 | INFO | [시도] 2188/3000
2025-12-06 17:39:53,162 | WARNING | [ALERT] '파일을 찾을 수 없습니다.' -> 자동확인
2025-12-06 17:39:53,482 | INFO | [시도] 2189/3000
2025-12-06 17:39:53,987 | WARNING | [ALERT] '파일을 찾을 수 없습니다.' -> 자동확인
2025-12-06 17:39:54,307 | INFO | [시도] 2190/3000
2025-12-06 17:39:54,827 | WARNING | [ALERT] '파일을 찾을 수 없습니다.' -> 자동확인
2025-12-06 17:39:55,147 | INFO | [시도] 2191/3000
2025-12-06 17:39:55,667 | WARNING | [ALERT] '파일을 찾을 수 없습니다.' -> 자동확인
2025-12-06 17:39:55,988 | INFO | [시도] 2192/3000
2025-12-06 17:39:56,507 | WARNING | [ALERT] '파일을 찾을 수 없습니다.' -> 자동확인
2025-12-06 17:39:56,827 | INFO | [시도] 2193/3000
2025-12-06 17:39:57,347 | WARNING | [ALERT] '파일을 찾을 수 없습니다.' -> 자동확인
2025-12-06 17:39:57,667 | INFO | [시도] 2194/3000
2025-12-06 17:39:58,186 | WARNING | [ALERT] '파일을 찾을 수 없습니다.' -> 자동확인
2025-12-06 17:39:58,508 | INFO | [시도] 2195/3000
2025-12-06 17:39:59,027 | WARNING | [ALERT] '파일을 찾을 수 없습니다.' -> 자동확인
2025-12-06 17:39:59,347 | INFO | [시도] 2196/3000
2025-12-06 17:39:59,852 | WARNING | [ALERT] '파일을 찾을 수 없습니다.' -> 자동확인
2025-12-06 17:40:00,172 | INFO | [시도] 2197/3000
2025-12-06 17:40:00,677 | WARNING | [ALERT] '파일을 찾을 수 없습니다.' -> 자동확인
2025-12-06 17:40:00,999 | INFO | [시도] 2198/3000
2025-12-06 17:40:01,517 | WARNING | [ALERT] '파일을 찾을 수 없습니다.' -> 자동확인
2025-12-06 17:40:01,838 | INFO | [시도] 2199/3000
2025-12-06 17:40:02,357 | WARNING | [ALERT] '파일을 찾을 수 없습니다.' -> 자동확인
2025-12-06 17:40:02,677 | INFO | [시도] 2200/3000
2025-12-06 17:40:03,197 | WARNING | [ALERT] '파일을 찾을 수 없습니다.' -> 자동확인
2025-12-06 17:40:03,517 | INFO | [시도] 2201/3000
2025-12-06 17:40:04,037 | WARNING | [ALERT] '파일을 찾을 수 없습니다.' -> 자동확인
2025-12-06 17:40:04,361 | INFO | [시도] 2202/3000
2025-12-06 17:40:04,877 | WARNING | [ALERT] '파일을 찾을 수 없습니다.' -> 자동확인
2025-12-06 17:40:05,197 | INFO | [시도] 2203/3000
2025-12-06 17:40:05,702 | WARNING | [ALERT] '파일을 찾을 수 없습니다.' -> 자동확인
2025-12-06 17:40:06,023 | INFO | [시도] 2204/3000
2025-12-06 17:40:06,527 | WARNING | [ALERT] '파일을 찾을 수 없습니다.' -> 자동확인
2025-12-06 17:40:06,847 | INFO | [시도] 2205/3000
2025-12-06 17:40:07,352 | WARNING | [ALERT] '파일을 찾을 수 없습니다.' -> 자동확인
2025-12-06 17:40:07,672 | INFO | [시도] 2206/3000
2025-12-06 17:40:08,177 | WARNING | [ALERT] '파일을 찾을 수 없습니다.' -> 자동확인
2025-12-06 17:40:08,498 | INFO | [시도] 2207/3000
2025-12-06 17:40:09,017 | WARNING | [ALERT] '파일을 찾을 수 없습니다.' -> 자동확인
2025-12-06 17:40:09,337 | INFO | [시도] 2208/3000
2025-12-06 17:40:09,857 | WARNING | [ALERT] '파일을 찾을 수 없습니다.' -> 자동확인
2025-12-06 17:40:10,177 | INFO | [시도] 2209/3000
2025-12-06 17:40:10,682 | WARNING | [ALERT] '파일을 찾을 수 없습니다.' -> 자동확인
2025-12-06 17:40:11,003 | INFO | [시도] 2210/3000
2025-12-06 17:40:11,506 | WARNING | [ALERT] '파일을 찾을 수 없습니다.' -> 자동확인
2025-12-06 17:40:11,827 | INFO | [시도] 2211/3000
2025-12-06 17:40:12,346 | WARNING | [ALERT] '파일을 찾을 수 없습니다.' -> 자동확인
2025-12-06 17:40:12,667 | INFO | [시도] 2212/3000
2025-12-06 17:40:13,172 | WARNING | [ALERT] '파일을 찾을 수 없습니다.' -> 자동확인
2025-12-06 17:40:13,492 | INFO | [시도] 2213/3000
2025-12-06 17:40:13,997 | WARNING | [ALERT] '파일을 찾을 수 없습니다.' -> 자동확인
2025-12-06 17:40:14,318 | INFO | [시도] 2214/3000
2025-12-06 17:40:14,837 | WARNING | [ALERT] '파일을 찾을 수 없습니다.' -> 자동확인
2025-12-06 17:40:15,160 | INFO | [시도] 2215/3000
2025-12-06 17:40:15,677 | WARNING | [ALERT] '파일을 찾을 수 없습니다.' -> 자동확인
2025-12-06 17:40:15,997 | INFO | [시도] 2216/3000
2025-12-06 17:40:16,517 | WARNING | [ALERT] '파일을 찾을 수 없습니다.' -> 자동확인
2025-12-06 17:40:16,839 | INFO | [시도] 2217/3000
2025-12-06 17:40:17,357 | WARNING | [ALERT] '파일을 찾을 수 없습니다.' -> 자동확인
2025-12-06 17:40:17,678 | INFO | [시도] 2218/3000
2025-12-06 17:40:18,197 | WARNING | [ALERT] '파일을 찾을 수 없습니다.' -> 자동확인
2025-12-06 17:40:18,518 | INFO | [시도] 2219/3000
2025-12-06 17:40:19,037 | WARNING | [ALERT] '파일을 찾을 수 없습니다.' -> 자동확인
2025-12-06 17:40:19,358 | INFO | [시도] 2220/3000
2025-12-06 17:40:19,878 | WARNING | [ALERT] '파일을 찾을 수 없습니다.' -> 자동확인
2025-12-06 17:40:20,197 | INFO | [시도] 2221/3000
2025-12-06 17:40:20,702 | WARNING | [ALERT] '파일을 찾을 수 없습니다.' -> 자동확인
2025-12-06 17:40:21,022 | INFO | [시도] 2222/3000
2025-12-06 17:40:21,527 | WARNING | [ALERT] '파일을 찾을 수 없습니다.' -> 자동확인
2025-12-06 17:40:21,847 | INFO | [시도] 2223/3000
2025-12-06 17:40:22,352 | WARNING | [ALERT] '파일을 찾을 수 없습니다.' -> 자동확인
2025-12-06 17:40:22,673 | INFO | [시도] 2224/3000
2025-12-06 17:40:23,192 | WARNING | [ALERT] '파일을 찾을 수 없습니다.' -> 자동확인
2025-12-06 17:40:23,512 | INFO | [시도] 2225/3000
2025-12-06 17:40:24,017 | WARNING | [ALERT] '파일을 찾을 수 없습니다.' -> 자동확인
2025-12-06 17:40:24,339 | INFO | [시도] 2226/3000
2025-12-06 17:40:24,857 | WARNING | [ALERT] '파일을 찾을 수 없습니다.' -> 자동확인
2025-12-06 17:40:25,177 | INFO | [시도] 2227/3000
2025-12-06 17:40:25,682 | WARNING | [ALERT] '파일을 찾을 수 없습니다.' -> 자동확인
2025-12-06 17:40:26,002 | INFO | [시도] 2228/3000
2025-12-06 17:40:26,522 | WARNING | [ALERT] '파일을 찾을 수 없습니다.' -> 자동확인
2025-12-06 17:40:26,842 | INFO | [시도] 2229/3000
2025-12-06 17:40:27,346 | WARNING | [ALERT] '파일을 찾을 수 없습니다.' -> 자동확인
2025-12-06 17:40:27,668 | INFO | [시도] 2230/3000
2025-12-06 17:40:28,186 | WARNING | [ALERT] '파일을 찾을 수 없습니다.' -> 자동확인
2025-12-06 17:40:28,508 | INFO | [시도] 2231/3000
2025-12-06 17:40:29,012 | WARNING | [ALERT] '파일을 찾을 수 없습니다.' -> 자동확인
2025-12-06 17:40:29,333 | INFO | [시도] 2232/3000
2025-12-06 17:40:29,852 | WARNING | [ALERT] '파일을 찾을 수 없습니다.' -> 자동확인
2025-12-06 17:40:30,173 | INFO | [시도] 2233/3000
2025-12-06 17:40:30,692 | WARNING | [ALERT] '파일을 찾을 수 없습니다.' -> 자동확인
2025-12-06 17:40:31,012 | INFO | [시도] 2234/3000
2025-12-06 17:40:31,517 | WARNING | [ALERT] '파일을 찾을 수 없습니다.' -> 자동확인
2025-12-06 17:40:31,838 | INFO | [시도] 2235/3000
2025-12-06 17:40:32,342 | WARNING | [ALERT] '파일을 찾을 수 없습니다.' -> 자동확인
2025-12-06 17:40:32,662 | INFO | [시도] 2236/3000
2025-12-06 17:40:33,182 | WARNING | [ALERT] '파일을 찾을 수 없습니다.' -> 자동확인
2025-12-06 17:40:33,503 | INFO | [시도] 2237/3000
2025-12-06 17:40:34,022 | WARNING | [ALERT] '파일을 찾을 수 없습니다.' -> 자동확인
2025-12-06 17:40:34,342 | INFO | [시도] 2238/3000
2025-12-06 17:40:34,862 | WARNING | [ALERT] '파일을 찾을 수 없습니다.' -> 자동확인
2025-12-06 17:40:35,182 | INFO | [시도] 2239/3000
2025-12-06 17:40:35,702 | WARNING | [ALERT] '파일을 찾을 수 없습니다.' -> 자동확인
2025-12-06 17:40:36,022 | INFO | [시도] 2240/3000
2025-12-06 17:40:36,542 | WARNING | [ALERT] '파일을 찾을 수 없습니다.' -> 자동확인
2025-12-06 17:40:36,862 | INFO | [시도] 2241/3000
2025-12-06 17:40:37,367 | WARNING | [ALERT] '파일을 찾을 수 없습니다.' -> 자동확인
2025-12-06 17:40:37,688 | INFO | [시도] 2242/3000
2025-12-06 17:40:38,207 | WARNING | [ALERT] '파일을 찾을 수 없습니다.' -> 자동확인
2025-12-06 17:40:38,529 | INFO | [시도] 2243/3000
2025-12-06 17:40:39,047 | WARNING | [ALERT] '파일을 찾을 수 없습니다.' -> 자동확인
2025-12-06 17:40:39,367 | INFO | [시도] 2244/3000
2025-12-06 17:40:39,872 | WARNING | [ALERT] '파일을 찾을 수 없습니다.' -> 자동확인
2025-12-06 17:40:40,192 | INFO | [시도] 2245/3000
2025-12-06 17:40:40,712 | WARNING | [ALERT] '파일을 찾을 수 없습니다.' -> 자동확인
2025-12-06 17:40:41,032 | INFO | [시도] 2246/3000
2025-12-06 17:40:41,537 | WARNING | [ALERT] '파일을 찾을 수 없습니다.' -> 자동확인
2025-12-06 17:40:41,858 | INFO | [시도] 2247/3000
2025-12-06 17:40:42,377 | WARNING | [ALERT] '파일을 찾을 수 없습니다.' -> 자동확인
2025-12-06 17:40:42,698 | INFO | [시도] 2248/3000
2025-12-06 17:40:43,217 | WARNING | [ALERT] '파일을 찾을 수 없습니다.' -> 자동확인
2025-12-06 17:40:43,537 | INFO | [시도] 2249/3000
2025-12-06 17:40:44,042 | WARNING | [ALERT] '파일을 찾을 수 없습니다.' -> 자동확인
2025-12-06 17:40:44,363 | INFO | [시도] 2250/3000
2025-12-06 17:40:44,867 | WARNING | [ALERT] '파일을 찾을 수 없습니다.' -> 자동확인
2025-12-06 17:40:45,187 | INFO | [시도] 2251/3000
2025-12-06 17:40:45,692 | WARNING | [ALERT] '파일을 찾을 수 없습니다.' -> 자동확인
2025-12-06 17:40:46,012 | INFO | [시도] 2252/3000
2025-12-06 17:40:46,532 | WARNING | [ALERT] '파일을 찾을 수 없습니다.' -> 자동확인
2025-12-06 17:40:46,852 | INFO | [시도] 2253/3000
2025-12-06 17:40:47,356 | WARNING | [ALERT] '파일을 찾을 수 없습니다.' -> 자동확인
2025-12-06 17:40:47,679 | INFO | [시도] 2254/3000
2025-12-06 17:40:48,197 | WARNING | [ALERT] '파일을 찾을 수 없습니다.' -> 자동확인
2025-12-06 17:40:48,518 | INFO | [시도] 2255/3000
2025-12-06 17:40:49,037 | WARNING | [ALERT] '파일을 찾을 수 없습니다.' -> 자동확인
2025-12-06 17:40:49,358 | INFO | [시도] 2256/3000
2025-12-06 17:40:49,862 | WARNING | [ALERT] '파일을 찾을 수 없습니다.' -> 자동확인
2025-12-06 17:40:50,184 | INFO | [시도] 2257/3000
2025-12-06 17:40:50,701 | WARNING | [ALERT] '파일을 찾을 수 없습니다.' -> 자동확인
2025-12-06 17:40:51,022 | INFO | [시도] 2258/3000
2025-12-06 17:40:51,542 | WARNING | [ALERT] '파일을 찾을 수 없습니다.' -> 자동확인
2025-12-06 17:40:51,862 | INFO | [시도] 2259/3000
2025-12-06 17:40:52,381 | WARNING | [ALERT] '파일을 찾을 수 없습니다.' -> 자동확인
2025-12-06 17:40:52,702 | INFO | [시도] 2260/3000
2025-12-06 17:40:53,222 | WARNING | [ALERT] '파일을 찾을 수 없습니다.' -> 자동확인
2025-12-06 17:40:53,544 | INFO | [시도] 2261/3000
2025-12-06 17:40:54,062 | WARNING | [ALERT] '파일을 찾을 수 없습니다.' -> 자동확인
2025-12-06 17:40:54,383 | INFO | [시도] 2262/3000
2025-12-06 17:40:54,902 | WARNING | [ALERT] '파일을 찾을 수 없습니다.' -> 자동확인
2025-12-06 17:40:55,222 | INFO | [시도] 2263/3000
2025-12-06 17:40:55,727 | WARNING | [ALERT] '파일을 찾을 수 없습니다.' -> 자동확인
2025-12-06 17:40:56,047 | INFO | [시도] 2264/3000
2025-12-06 17:40:56,552 | WARNING | [ALERT] '파일을 찾을 수 없습니다.' -> 자동확인
2025-12-06 17:40:56,873 | INFO | [시도] 2265/3000
2025-12-06 17:40:57,377 | WARNING | [ALERT] '파일을 찾을 수 없습니다.' -> 자동확인
2025-12-06 17:40:57,699 | INFO | [시도] 2266/3000
2025-12-06 17:40:58,217 | WARNING | [ALERT] '파일을 찾을 수 없습니다.' -> 자동확인
2025-12-06 17:40:58,538 | INFO | [시도] 2267/3000
2025-12-06 17:40:59,057 | WARNING | [ALERT] '파일을 찾을 수 없습니다.' -> 자동확인
2025-12-06 17:40:59,377 | INFO | [시도] 2268/3000
2025-12-06 17:40:59,882 | WARNING | [ALERT] '파일을 찾을 수 없습니다.' -> 자동확인
2025-12-06 17:41:00,202 | INFO | [시도] 2269/3000
2025-12-06 17:41:00,722 | WARNING | [ALERT] '파일을 찾을 수 없습니다.' -> 자동확인
2025-12-06 17:41:01,043 | INFO | [시도] 2270/3000
2025-12-06 17:41:01,547 | WARNING | [ALERT] '파일을 찾을 수 없습니다.' -> 자동확인
2025-12-06 17:41:01,867 | INFO | [시도] 2271/3000
2025-12-06 17:41:02,387 | WARNING | [ALERT] '파일을 찾을 수 없습니다.' -> 자동확인
2025-12-06 17:41:02,707 | INFO | [시도] 2272/3000
2025-12-06 17:41:03,226 | WARNING | [ALERT] '파일을 찾을 수 없습니다.' -> 자동확인
2025-12-06 17:41:03,547 | INFO | [시도] 2273/3000
2025-12-06 17:41:04,067 | WARNING | [ALERT] '파일을 찾을 수 없습니다.' -> 자동확인
2025-12-06 17:41:04,387 | INFO | [시도] 2274/3000
2025-12-06 17:41:04,907 | WARNING | [ALERT] '파일을 찾을 수 없습니다.' -> 자동확인
2025-12-06 17:41:05,228 | INFO | [시도] 2275/3000
2025-12-06 17:41:05,747 | WARNING | [ALERT] '파일을 찾을 수 없습니다.' -> 자동확인
2025-12-06 17:41:06,069 | INFO | [시도] 2276/3000
2025-12-06 17:41:06,587 | WARNING | [ALERT] '파일을 찾을 수 없습니다.' -> 자동확인
2025-12-06 17:41:06,908 | INFO | [시도] 2277/3000
2025-12-06 17:41:07,427 | WARNING | [ALERT] '파일을 찾을 수 없습니다.' -> 자동확인
2025-12-06 17:41:07,750 | INFO | [시도] 2278/3000
2025-12-06 17:41:08,266 | WARNING | [ALERT] '파일을 찾을 수 없습니다.' -> 자동확인
2025-12-06 17:41:08,587 | INFO | [시도] 2279/3000
2025-12-06 17:41:09,092 | WARNING | [ALERT] '파일을 찾을 수 없습니다.' -> 자동확인
2025-12-06 17:41:09,412 | INFO | [시도] 2280/3000
2025-12-06 17:41:09,917 | WARNING | [ALERT] '파일을 찾을 수 없습니다.' -> 자동확인
2025-12-06 17:41:10,238 | INFO | [시도] 2281/3000
2025-12-06 17:41:10,742 | WARNING | [ALERT] '파일을 찾을 수 없습니다.' -> 자동확인
2025-12-06 17:41:11,062 | INFO | [시도] 2282/3000
2025-12-06 17:41:11,581 | WARNING | [ALERT] '파일을 찾을 수 없습니다.' -> 자동확인
2025-12-06 17:41:11,904 | INFO | [시도] 2283/3000
2025-12-06 17:41:12,422 | WARNING | [ALERT] '파일을 찾을 수 없습니다.' -> 자동확인
2025-12-06 17:41:12,742 | INFO | [시도] 2284/3000
2025-12-06 17:41:13,246 | WARNING | [ALERT] '파일을 찾을 수 없습니다.' -> 자동확인
2025-12-06 17:41:13,567 | INFO | [시도] 2285/3000
2025-12-06 17:41:14,072 | WARNING | [ALERT] '파일을 찾을 수 없습니다.' -> 자동확인
2025-12-06 17:41:14,392 | INFO | [시도] 2286/3000
2025-12-06 17:41:14,912 | WARNING | [ALERT] '파일을 찾을 수 없습니다.' -> 자동확인
2025-12-06 17:41:15,232 | INFO | [시도] 2287/3000
2025-12-06 17:41:15,737 | WARNING | [ALERT] '파일을 찾을 수 없습니다.' -> 자동확인
2025-12-06 17:41:16,058 | INFO | [시도] 2288/3000
2025-12-06 17:41:16,577 | WARNING | [ALERT] '파일을 찾을 수 없습니다.' -> 자동확인
2025-12-06 17:41:16,897 | INFO | [시도] 2289/3000
2025-12-06 17:41:17,402 | WARNING | [ALERT] '파일을 찾을 수 없습니다.' -> 자동확인
2025-12-06 17:41:17,722 | INFO | [시도] 2290/3000
2025-12-06 17:41:18,227 | WARNING | [ALERT] '파일을 찾을 수 없습니다.' -> 자동확인
2025-12-06 17:41:18,548 | INFO | [시도] 2291/3000
2025-12-06 17:41:19,067 | WARNING | [ALERT] '파일을 찾을 수 없습니다.' -> 자동확인
2025-12-06 17:41:19,388 | INFO | [시도] 2292/3000
2025-12-06 17:41:19,907 | WARNING | [ALERT] '파일을 찾을 수 없습니다.' -> 자동확인
2025-12-06 17:41:20,228 | INFO | [시도] 2293/3000
2025-12-06 17:41:20,747 | WARNING | [ALERT] '파일을 찾을 수 없습니다.' -> 자동확인
2025-12-06 17:41:21,067 | INFO | [시도] 2294/3000
2025-12-06 17:41:21,587 | WARNING | [ALERT] '파일을 찾을 수 없습니다.' -> 자동확인
2025-12-06 17:41:21,909 | INFO | [시도] 2295/3000
2025-12-06 17:41:22,427 | WARNING | [ALERT] '파일을 찾을 수 없습니다.' -> 자동확인
2025-12-06 17:41:22,748 | INFO | [시도] 2296/3000
2025-12-06 17:41:23,252 | WARNING | [ALERT] '파일을 찾을 수 없습니다.' -> 자동확인
2025-12-06 17:41:23,572 | INFO | [시도] 2297/3000
2025-12-06 17:41:24,077 | WARNING | [ALERT] '파일을 찾을 수 없습니다.' -> 자동확인
2025-12-06 17:41:24,397 | INFO | [시도] 2298/3000
2025-12-06 17:41:24,902 | WARNING | [ALERT] '파일을 찾을 수 없습니다.' -> 자동확인
2025-12-06 17:41:25,223 | INFO | [시도] 2299/3000
2025-12-06 17:41:25,727 | WARNING | [ALERT] '파일을 찾을 수 없습니다.' -> 자동확인
2025-12-06 17:41:26,048 | INFO | [시도] 2300/3000
2025-12-06 17:41:26,567 | WARNING | [ALERT] '파일을 찾을 수 없습니다.' -> 자동확인
2025-12-06 17:41:26,888 | INFO | [시도] 2301/3000
2025-12-06 17:41:27,407 | WARNING | [ALERT] '파일을 찾을 수 없습니다.' -> 자동확인
2025-12-06 17:41:27,727 | INFO | [시도] 2302/3000
2025-12-06 17:41:28,247 | WARNING | [ALERT] '파일을 찾을 수 없습니다.' -> 자동확인
2025-12-06 17:41:28,568 | INFO | [시도] 2303/3000
2025-12-06 17:41:29,087 | WARNING | [ALERT] '파일을 찾을 수 없습니다.' -> 자동확인
2025-12-06 17:41:29,407 | INFO | [시도] 2304/3000
2025-12-06 17:41:29,911 | WARNING | [ALERT] '파일을 찾을 수 없습니다.' -> 자동확인
2025-12-06 17:41:30,232 | INFO | [시도] 2305/3000
2025-12-06 17:41:30,737 | WARNING | [ALERT] '파일을 찾을 수 없습니다.' -> 자동확인
2025-12-06 17:41:31,057 | INFO | [시도] 2306/3000
2025-12-06 17:41:31,577 | WARNING | [ALERT] '파일을 찾을 수 없습니다.' -> 자동확인
2025-12-06 17:41:31,898 | INFO | [시도] 2307/3000
2025-12-06 17:41:32,402 | WARNING | [ALERT] '파일을 찾을 수 없습니다.' -> 자동확인
2025-12-06 17:41:32,722 | INFO | [시도] 2308/3000
2025-12-06 17:41:33,227 | WARNING | [ALERT] '파일을 찾을 수 없습니다.' -> 자동확인
2025-12-06 17:41:33,547 | INFO | [시도] 2309/3000
2025-12-06 17:41:34,067 | WARNING | [ALERT] '파일을 찾을 수 없습니다.' -> 자동확인
2025-12-06 17:41:34,388 | INFO | [시도] 2310/3000
2025-12-06 17:41:34,891 | WARNING | [ALERT] '파일을 찾을 수 없습니다.' -> 자동확인
2025-12-06 17:41:35,214 | INFO | [시도] 2311/3000
2025-12-06 17:41:35,732 | WARNING | [ALERT] '파일을 찾을 수 없습니다.' -> 자동확인
2025-12-06 17:41:36,052 | INFO | [시도] 2312/3000
2025-12-06 17:41:36,557 | WARNING | [ALERT] '파일을 찾을 수 없습니다.' -> 자동확인
2025-12-06 17:41:36,877 | INFO | [시도] 2313/3000
2025-12-06 17:41:37,383 | WARNING | [ALERT] '파일을 찾을 수 없습니다.' -> 자동확인
2025-12-06 17:41:37,704 | INFO | [시도] 2314/3000
2025-12-06 17:41:38,221 | WARNING | [ALERT] '파일을 찾을 수 없습니다.' -> 자동확인
2025-12-06 17:41:38,542 | INFO | [시도] 2315/3000
2025-12-06 17:41:39,062 | WARNING | [ALERT] '파일을 찾을 수 없습니다.' -> 자동확인
2025-12-06 17:41:39,382 | INFO | [시도] 2316/3000
2025-12-06 17:41:39,887 | WARNING | [ALERT] '파일을 찾을 수 없습니다.' -> 자동확인
2025-12-06 17:41:40,207 | INFO | [시도] 2317/3000
2025-12-06 17:41:40,712 | WARNING | [ALERT] '파일을 찾을 수 없습니다.' -> 자동확인
2025-12-06 17:41:41,034 | INFO | [시도] 2318/3000
2025-12-06 17:41:41,551 | WARNING | [ALERT] '파일을 찾을 수 없습니다.' -> 자동확인
2025-12-06 17:41:41,875 | INFO | [시도] 2319/3000
2025-12-06 17:41:42,392 | WARNING | [ALERT] '파일을 찾을 수 없습니다.' -> 자동확인
2025-12-06 17:41:42,713 | INFO | [시도] 2320/3000
2025-12-06 17:41:43,232 | WARNING | [ALERT] '파일을 찾을 수 없습니다.' -> 자동확인
2025-12-06 17:41:43,554 | INFO | [시도] 2321/3000
2025-12-06 17:41:44,072 | WARNING | [ALERT] '파일을 찾을 수 없습니다.' -> 자동확인
2025-12-06 17:41:44,392 | INFO | [시도] 2322/3000
2025-12-06 17:41:44,912 | WARNING | [ALERT] '파일을 찾을 수 없습니다.' -> 자동확인
2025-12-06 17:41:45,233 | INFO | [시도] 2323/3000
2025-12-06 17:41:45,736 | WARNING | [ALERT] '파일을 찾을 수 없습니다.' -> 자동확인
2025-12-06 17:41:46,058 | INFO | [시도] 2324/3000
2025-12-06 17:41:46,562 | WARNING | [ALERT] '파일을 찾을 수 없습니다.' -> 자동확인
2025-12-06 17:41:46,882 | INFO | [시도] 2325/3000
2025-12-06 17:41:47,402 | WARNING | [ALERT] '파일을 찾을 수 없습니다.' -> 자동확인
2025-12-06 17:41:47,722 | INFO | [시도] 2326/3000
2025-12-06 17:41:48,227 | WARNING | [ALERT] '파일을 찾을 수 없습니다.' -> 자동확인
2025-12-06 17:41:48,547 | INFO | [시도] 2327/3000
2025-12-06 17:41:49,067 | WARNING | [ALERT] '파일을 찾을 수 없습니다.' -> 자동확인
2025-12-06 17:41:49,389 | INFO | [시도] 2328/3000
2025-12-06 17:41:49,906 | WARNING | [ALERT] '파일을 찾을 수 없습니다.' -> 자동확인
2025-12-06 17:41:50,228 | INFO | [시도] 2329/3000
2025-12-06 17:41:50,746 | WARNING | [ALERT] '파일을 찾을 수 없습니다.' -> 자동확인
2025-12-06 17:41:51,067 | INFO | [시도] 2330/3000
2025-12-06 17:41:51,586 | WARNING | [ALERT] '파일을 찾을 수 없습니다.' -> 자동확인
2025-12-06 17:41:51,907 | INFO | [시도] 2331/3000
2025-12-06 17:41:52,412 | WARNING | [ALERT] '파일을 찾을 수 없습니다.' -> 자동확인
2025-12-06 17:41:52,733 | INFO | [시도] 2332/3000
2025-12-06 17:41:53,251 | WARNING | [ALERT] '파일을 찾을 수 없습니다.' -> 자동확인
2025-12-06 17:41:53,574 | INFO | [시도] 2333/3000
2025-12-06 17:41:54,092 | WARNING | [ALERT] '파일을 찾을 수 없습니다.' -> 자동확인
2025-12-06 17:41:54,412 | INFO | [시도] 2334/3000
2025-12-06 17:41:54,932 | WARNING | [ALERT] '파일을 찾을 수 없습니다.' -> 자동확인
2025-12-06 17:41:55,253 | INFO | [시도] 2335/3000
2025-12-06 17:41:55,772 | WARNING | [ALERT] '파일을 찾을 수 없습니다.' -> 자동확인
2025-12-06 17:41:56,092 | INFO | [시도] 2336/3000
2025-12-06 17:41:56,612 | WARNING | [ALERT] '파일을 찾을 수 없습니다.' -> 자동확인
2025-12-06 17:41:56,932 | INFO | [시도] 2337/3000
2025-12-06 17:41:57,452 | WARNING | [ALERT] '파일을 찾을 수 없습니다.' -> 자동확인
2025-12-06 17:41:57,773 | INFO | [시도] 2338/3000
2025-12-06 17:41:58,291 | WARNING | [ALERT] '파일을 찾을 수 없습니다.' -> 자동확인
2025-12-06 17:41:58,612 | INFO | [시도] 2339/3000
2025-12-06 17:41:59,132 | WARNING | [ALERT] '파일을 찾을 수 없습니다.' -> 자동확인
2025-12-06 17:41:59,453 | INFO | [시도] 2340/3000
2025-12-06 17:41:59,972 | WARNING | [ALERT] '파일을 찾을 수 없습니다.' -> 자동확인
2025-12-06 17:42:00,293 | INFO | [시도] 2341/3000
2025-12-06 17:42:00,811 | WARNING | [ALERT] '파일을 찾을 수 없습니다.' -> 자동확인
2025-12-06 17:42:01,132 | INFO | [시도] 2342/3000
2025-12-06 17:42:01,651 | WARNING | [ALERT] '파일을 찾을 수 없습니다.' -> 자동확인
2025-12-06 17:42:01,972 | INFO | [시도] 2343/3000
2025-12-06 17:42:02,477 | WARNING | [ALERT] '파일을 찾을 수 없습니다.' -> 자동확인
2025-12-06 17:42:02,799 | INFO | [시도] 2344/3000
2025-12-06 17:42:03,317 | WARNING | [ALERT] '파일을 찾을 수 없습니다.' -> 자동확인
2025-12-06 17:42:03,637 | INFO | [시도] 2345/3000
2025-12-06 17:42:04,157 | WARNING | [ALERT] '파일을 찾을 수 없습니다.' -> 자동확인
2025-12-06 17:42:04,478 | INFO | [시도] 2346/3000
2025-12-06 17:42:04,982 | WARNING | [ALERT] '파일을 찾을 수 없습니다.' -> 자동확인
2025-12-06 17:42:05,302 | INFO | [시도] 2347/3000
2025-12-06 17:42:05,807 | WARNING | [ALERT] '파일을 찾을 수 없습니다.' -> 자동확인
2025-12-06 17:42:06,127 | INFO | [시도] 2348/3000
2025-12-06 17:42:06,647 | WARNING | [ALERT] '파일을 찾을 수 없습니다.' -> 자동확인
2025-12-06 17:42:06,967 | INFO | [시도] 2349/3000
2025-12-06 17:42:07,472 | WARNING | [ALERT] '파일을 찾을 수 없습니다.' -> 자동확인
2025-12-06 17:42:07,792 | INFO | [시도] 2350/3000
2025-12-06 17:42:08,311 | WARNING | [ALERT] '파일을 찾을 수 없습니다.' -> 자동확인
2025-12-06 17:42:08,632 | INFO | [시도] 2351/3000
2025-12-06 17:42:09,137 | WARNING | [ALERT] '파일을 찾을 수 없습니다.' -> 자동확인
2025-12-06 17:42:09,458 | INFO | [시도] 2352/3000
2025-12-06 17:42:09,976 | WARNING | [ALERT] '파일을 찾을 수 없습니다.' -> 자동확인
2025-12-06 17:42:10,298 | INFO | [시도] 2353/3000
2025-12-06 17:42:10,816 | WARNING | [ALERT] '파일을 찾을 수 없습니다.' -> 자동확인
2025-12-06 17:42:11,139 | INFO | [시도] 2354/3000
2025-12-06 17:42:11,656 | WARNING | [ALERT] '파일을 찾을 수 없습니다.' -> 자동확인
2025-12-06 17:42:11,977 | INFO | [시도] 2355/3000
2025-12-06 17:42:12,482 | WARNING | [ALERT] '파일을 찾을 수 없습니다.' -> 자동확인
2025-12-06 17:42:12,803 | INFO | [시도] 2356/3000
2025-12-06 17:42:13,322 | WARNING | [ALERT] '파일을 찾을 수 없습니다.' -> 자동확인
2025-12-06 17:42:13,642 | INFO | [시도] 2357/3000
2025-12-06 17:42:14,147 | WARNING | [ALERT] '파일을 찾을 수 없습니다.' -> 자동확인
2025-12-06 17:42:14,467 | INFO | [시도] 2358/3000
2025-12-06 17:42:14,987 | WARNING | [ALERT] '파일을 찾을 수 없습니다.' -> 자동확인
2025-12-06 17:42:15,308 | INFO | [시도] 2359/3000
2025-12-06 17:42:15,827 | WARNING | [ALERT] '파일을 찾을 수 없습니다.' -> 자동확인
2025-12-06 17:42:16,148 | INFO | [시도] 2360/3000
2025-12-06 17:42:16,667 | WARNING | [ALERT] '파일을 찾을 수 없습니다.' -> 자동확인
2025-12-06 17:42:16,987 | INFO | [시도] 2361/3000
2025-12-06 17:42:17,492 | WARNING | [ALERT] '파일을 찾을 수 없습니다.' -> 자동확인
2025-12-06 17:42:17,812 | INFO | [시도] 2362/3000
2025-12-06 17:42:18,317 | WARNING | [ALERT] '파일을 찾을 수 없습니다.' -> 자동확인
2025-12-06 17:42:18,639 | INFO | [시도] 2363/3000
2025-12-06 17:42:19,157 | WARNING | [ALERT] '파일을 찾을 수 없습니다.' -> 자동확인
2025-12-06 17:42:19,478 | INFO | [시도] 2364/3000
2025-12-06 17:42:19,997 | WARNING | [ALERT] '파일을 찾을 수 없습니다.' -> 자동확인
2025-12-06 17:42:20,317 | INFO | [시도] 2365/3000
2025-12-06 17:42:20,837 | WARNING | [ALERT] '파일을 찾을 수 없습니다.' -> 자동확인
2025-12-06 17:42:21,160 | INFO | [시도] 2366/3000
2025-12-06 17:42:21,677 | WARNING | [ALERT] '파일을 찾을 수 없습니다.' -> 자동확인
2025-12-06 17:42:21,998 | INFO | [시도] 2367/3000
2025-12-06 17:42:22,502 | WARNING | [ALERT] '파일을 찾을 수 없습니다.' -> 자동확인
2025-12-06 17:42:22,822 | INFO | [시도] 2368/3000
2025-12-06 17:42:23,342 | WARNING | [ALERT] '파일을 찾을 수 없습니다.' -> 자동확인
2025-12-06 17:42:23,663 | INFO | [시도] 2369/3000
2025-12-06 17:42:24,182 | WARNING | [ALERT] '파일을 찾을 수 없습니다.' -> 자동확인
2025-12-06 17:42:24,502 | INFO | [시도] 2370/3000
2025-12-06 17:42:25,022 | WARNING | [ALERT] '파일을 찾을 수 없습니다.' -> 자동확인
2025-12-06 17:42:25,344 | INFO | [시도] 2371/3000
2025-12-06 17:42:25,862 | WARNING | [ALERT] '파일을 찾을 수 없습니다.' -> 자동확인
2025-12-06 17:42:26,184 | INFO | [시도] 2372/3000
2025-12-06 17:42:26,702 | WARNING | [ALERT] '파일을 찾을 수 없습니다.' -> 자동확인
2025-12-06 17:42:27,023 | INFO | [시도] 2373/3000
2025-12-06 17:42:27,542 | WARNING | [ALERT] '파일을 찾을 수 없습니다.' -> 자동확인
2025-12-06 17:42:27,862 | INFO | [시도] 2374/3000
2025-12-06 17:42:28,367 | WARNING | [ALERT] '파일을 찾을 수 없습니다.' -> 자동확인
2025-12-06 17:42:28,688 | INFO | [시도] 2375/3000
2025-12-06 17:42:29,206 | WARNING | [ALERT] '파일을 찾을 수 없습니다.' -> 자동확인
2025-12-06 17:42:29,527 | INFO | [시도] 2376/3000
2025-12-06 17:42:30,032 | WARNING | [ALERT] '파일을 찾을 수 없습니다.' -> 자동확인
2025-12-06 17:42:30,352 | INFO | [시도] 2377/3000
2025-12-06 17:42:30,857 | WARNING | [ALERT] '파일을 찾을 수 없습니다.' -> 자동확인
2025-12-06 17:42:31,179 | INFO | [시도] 2378/3000
2025-12-06 17:42:31,697 | WARNING | [ALERT] '파일을 찾을 수 없습니다.' -> 자동확인
2025-12-06 17:42:32,017 | INFO | [시도] 2379/3000
2025-12-06 17:42:32,522 | WARNING | [ALERT] '파일을 찾을 수 없습니다.' -> 자동확인
2025-12-06 17:42:32,842 | INFO | [시도] 2380/3000
2025-12-06 17:42:33,347 | WARNING | [ALERT] '파일을 찾을 수 없습니다.' -> 자동확인
2025-12-06 17:42:33,668 | INFO | [시도] 2381/3000
2025-12-06 17:42:34,187 | WARNING | [ALERT] '파일을 찾을 수 없습니다.' -> 자동확인
2025-12-06 17:42:34,507 | INFO | [시도] 2382/3000
2025-12-06 17:42:35,011 | WARNING | [ALERT] '파일을 찾을 수 없습니다.' -> 자동확인
2025-12-06 17:42:35,333 | INFO | [시도] 2383/3000
2025-12-06 17:42:35,837 | WARNING | [ALERT] '파일을 찾을 수 없습니다.' -> 자동확인
2025-12-06 17:42:36,157 | INFO | [시도] 2384/3000
2025-12-06 17:42:36,662 | WARNING | [ALERT] '파일을 찾을 수 없습니다.' -> 자동확인
2025-12-06 17:42:36,982 | INFO | [시도] 2385/3000
2025-12-06 17:42:37,487 | WARNING | [ALERT] '파일을 찾을 수 없습니다.' -> 자동확인
2025-12-06 17:42:37,807 | INFO | [시도] 2386/3000
2025-12-06 17:42:38,327 | WARNING | [ALERT] '파일을 찾을 수 없습니다.' -> 자동확인
2025-12-06 17:42:38,647 | INFO | [시도] 2387/3000
2025-12-06 17:42:39,167 | WARNING | [ALERT] '파일을 찾을 수 없습니다.' -> 자동확인
2025-12-06 17:42:39,487 | INFO | [시도] 2388/3000
2025-12-06 17:42:39,992 | WARNING | [ALERT] '파일을 찾을 수 없습니다.' -> 자동확인
2025-12-06 17:42:40,312 | INFO | [시도] 2389/3000
2025-12-06 17:42:40,817 | WARNING | [ALERT] '파일을 찾을 수 없습니다.' -> 자동확인
2025-12-06 17:42:41,137 | INFO | [시도] 2390/3000
2025-12-06 17:42:41,642 | WARNING | [ALERT] '파일을 찾을 수 없습니다.' -> 자동확인
2025-12-06 17:42:41,962 | INFO | [시도] 2391/3000
2025-12-06 17:42:42,466 | WARNING | [ALERT] '파일을 찾을 수 없습니다.' -> 자동확인
2025-12-06 17:42:42,787 | INFO | [시도] 2392/3000
2025-12-06 17:42:43,292 | WARNING | [ALERT] '파일을 찾을 수 없습니다.' -> 자동확인
2025-12-06 17:42:43,612 | INFO | [시도] 2393/3000
2025-12-06 17:42:44,117 | WARNING | [ALERT] '파일을 찾을 수 없습니다.' -> 자동확인
2025-12-06 17:42:44,437 | INFO | [시도] 2394/3000
2025-12-06 17:42:44,957 | WARNING | [ALERT] '파일을 찾을 수 없습니다.' -> 자동확인
2025-12-06 17:42:45,278 | INFO | [시도] 2395/3000
2025-12-06 17:42:45,797 | WARNING | [ALERT] '파일을 찾을 수 없습니다.' -> 자동확인
2025-12-06 17:42:46,118 | INFO | [시도] 2396/3000
2025-12-06 17:42:46,621 | WARNING | [ALERT] '파일을 찾을 수 없습니다.' -> 자동확인
2025-12-06 17:42:46,942 | INFO | [시도] 2397/3000
2025-12-06 17:42:47,447 | WARNING | [ALERT] '파일을 찾을 수 없습니다.' -> 자동확인
2025-12-06 17:42:47,767 | INFO | [시도] 2398/3000
2025-12-06 17:42:48,272 | WARNING | [ALERT] '파일을 찾을 수 없습니다.' -> 자동확인
2025-12-06 17:42:48,592 | INFO | [시도] 2399/3000
2025-12-06 17:42:49,112 | WARNING | [ALERT] '파일을 찾을 수 없습니다.' -> 자동확인
2025-12-06 17:42:49,432 | INFO | [시도] 2400/3000
2025-12-06 17:42:49,937 | WARNING | [ALERT] '파일을 찾을 수 없습니다.' -> 자동확인
2025-12-06 17:42:50,257 | INFO | [시도] 2401/3000
2025-12-06 17:42:50,776 | WARNING | [ALERT] '파일을 찾을 수 없습니다.' -> 자동확인
2025-12-06 17:42:51,097 | INFO | [시도] 2402/3000
2025-12-06 17:42:51,602 | WARNING | [ALERT] '파일을 찾을 수 없습니다.' -> 자동확인
2025-12-06 17:42:51,922 | INFO | [시도] 2403/3000
2025-12-06 17:42:52,427 | WARNING | [ALERT] '파일을 찾을 수 없습니다.' -> 자동확인
2025-12-06 17:42:52,748 | INFO | [시도] 2404/3000
2025-12-06 17:42:53,267 | WARNING | [ALERT] '파일을 찾을 수 없습니다.' -> 자동확인
2025-12-06 17:42:53,588 | INFO | [시도] 2405/3000
2025-12-06 17:42:54,091 | WARNING | [ALERT] '파일을 찾을 수 없습니다.' -> 자동확인
2025-12-06 17:42:54,415 | INFO | [시도] 2406/3000
2025-12-06 17:42:54,931 | WARNING | [ALERT] '파일을 찾을 수 없습니다.' -> 자동확인
2025-12-06 17:42:55,252 | INFO | [시도] 2407/3000
2025-12-06 17:42:55,772 | WARNING | [ALERT] '파일을 찾을 수 없습니다.' -> 자동확인
2025-12-06 17:42:56,092 | INFO | [시도] 2408/3000
2025-12-06 17:42:56,597 | WARNING | [ALERT] '파일을 찾을 수 없습니다.' -> 자동확인
2025-12-06 17:42:56,918 | INFO | [시도] 2409/3000
2025-12-06 17:42:57,436 | WARNING | [ALERT] '파일을 찾을 수 없습니다.' -> 자동확인
2025-12-06 17:42:57,759 | INFO | [시도] 2410/3000
2025-12-06 17:42:58,277 | WARNING | [ALERT] '파일을 찾을 수 없습니다.' -> 자동확인
2025-12-06 17:42:58,597 | INFO | [시도] 2411/3000
2025-12-06 17:42:59,102 | WARNING | [ALERT] '파일을 찾을 수 없습니다.' -> 자동확인
2025-12-06 17:42:59,422 | INFO | [시도] 2412/3000
2025-12-06 17:42:59,941 | WARNING | [ALERT] '파일을 찾을 수 없습니다.' -> 자동확인
2025-12-06 17:43:00,263 | INFO | [시도] 2413/3000
2025-12-06 17:43:00,767 | WARNING | [ALERT] '파일을 찾을 수 없습니다.' -> 자동확인
2025-12-06 17:43:01,089 | INFO | [시도] 2414/3000
2025-12-06 17:43:01,607 | WARNING | [ALERT] '파일을 찾을 수 없습니다.' -> 자동확인
2025-12-06 17:43:01,927 | INFO | [시도] 2415/3000
2025-12-06 17:43:02,447 | WARNING | [ALERT] '파일을 찾을 수 없습니다.' -> 자동확인
2025-12-06 17:43:02,767 | INFO | [시도] 2416/3000
2025-12-06 17:43:03,287 | WARNING | [ALERT] '파일을 찾을 수 없습니다.' -> 자동확인
2025-12-06 17:43:03,608 | INFO | [시도] 2417/3000
2025-12-06 17:43:04,127 | WARNING | [ALERT] '파일을 찾을 수 없습니다.' -> 자동확인
2025-12-06 17:43:04,448 | INFO | [시도] 2418/3000
2025-12-06 17:43:04,967 | WARNING | [ALERT] '파일을 찾을 수 없습니다.' -> 자동확인
2025-12-06 17:43:05,288 | INFO | [시도] 2419/3000
2025-12-06 17:43:05,807 | WARNING | [ALERT] '파일을 찾을 수 없습니다.' -> 자동확인
2025-12-06 17:43:06,129 | INFO | [시도] 2420/3000
2025-12-06 17:43:06,647 | WARNING | [ALERT] '파일을 찾을 수 없습니다.' -> 자동확인
2025-12-06 17:43:06,967 | INFO | [시도] 2421/3000
2025-12-06 17:43:07,472 | WARNING | [ALERT] '파일을 찾을 수 없습니다.' -> 자동확인
2025-12-06 17:43:07,792 | INFO | [시도] 2422/3000
2025-12-06 17:43:08,297 | WARNING | [ALERT] '파일을 찾을 수 없습니다.' -> 자동확인
2025-12-06 17:43:08,617 | INFO | [시도] 2423/3000
2025-12-06 17:43:09,136 | WARNING | [ALERT] '파일을 찾을 수 없습니다.' -> 자동확인
2025-12-06 17:43:09,458 | INFO | [시도] 2424/3000
2025-12-06 17:43:09,962 | WARNING | [ALERT] '파일을 찾을 수 없습니다.' -> 자동확인
2025-12-06 17:43:10,283 | INFO | [시도] 2425/3000
2025-12-06 17:43:10,801 | WARNING | [ALERT] '파일을 찾을 수 없습니다.' -> 자동확인
2025-12-06 17:43:11,123 | INFO | [시도] 2426/3000
2025-12-06 17:43:11,641 | WARNING | [ALERT] '파일을 찾을 수 없습니다.' -> 자동확인
2025-12-06 17:43:11,962 | INFO | [시도] 2427/3000
2025-12-06 17:43:12,467 | WARNING | [ALERT] '파일을 찾을 수 없습니다.' -> 자동확인
2025-12-06 17:43:12,788 | INFO | [시도] 2428/3000
2025-12-06 17:43:13,307 | WARNING | [ALERT] '파일을 찾을 수 없습니다.' -> 자동확인
2025-12-06 17:43:13,627 | INFO | [시도] 2429/3000
2025-12-06 17:43:14,147 | WARNING | [ALERT] '파일을 찾을 수 없습니다.' -> 자동확인
2025-12-06 17:43:14,467 | INFO | [시도] 2430/3000
2025-12-06 17:43:14,986 | WARNING | [ALERT] '파일을 찾을 수 없습니다.' -> 자동확인
2025-12-06 17:43:15,308 | INFO | [시도] 2431/3000
2025-12-06 17:43:15,827 | WARNING | [ALERT] '파일을 찾을 수 없습니다.' -> 자동확인
2025-12-06 17:43:16,149 | INFO | [시도] 2432/3000
2025-12-06 17:43:16,667 | WARNING | [ALERT] '파일을 찾을 수 없습니다.' -> 자동확인
2025-12-06 17:43:16,987 | INFO | [시도] 2433/3000
2025-12-06 17:43:17,492 | WARNING | [ALERT] '파일을 찾을 수 없습니다.' -> 자동확인
2025-12-06 17:43:17,812 | INFO | [시도] 2434/3000
2025-12-06 17:43:18,317 | WARNING | [ALERT] '파일을 찾을 수 없습니다.' -> 자동확인
2025-12-06 17:43:18,637 | INFO | [시도] 2435/3000
2025-12-06 17:43:19,157 | WARNING | [ALERT] '파일을 찾을 수 없습니다.' -> 자동확인
2025-12-06 17:43:19,477 | INFO | [시도] 2436/3000
2025-12-06 17:43:19,996 | WARNING | [ALERT] '파일을 찾을 수 없습니다.' -> 자동확인
2025-12-06 17:43:20,318 | INFO | [시도] 2437/3000
2025-12-06 17:43:20,837 | WARNING | [ALERT] '파일을 찾을 수 없습니다.' -> 자동확인
2025-12-06 17:43:21,158 | INFO | [시도] 2438/3000
2025-12-06 17:43:21,662 | WARNING | [ALERT] '파일을 찾을 수 없습니다.' -> 자동확인
2025-12-06 17:43:21,982 | INFO | [시도] 2439/3000
2025-12-06 17:43:22,502 | WARNING | [ALERT] '파일을 찾을 수 없습니다.' -> 자동확인
2025-12-06 17:43:22,823 | INFO | [시도] 2440/3000
2025-12-06 17:43:23,342 | WARNING | [ALERT] '파일을 찾을 수 없습니다.' -> 자동확인
2025-12-06 17:43:23,663 | INFO | [시도] 2441/3000
2025-12-06 17:43:24,182 | WARNING | [ALERT] '파일을 찾을 수 없습니다.' -> 자동확인
2025-12-06 17:43:24,503 | INFO | [시도] 2442/3000
2025-12-06 17:43:25,007 | WARNING | [ALERT] '파일을 찾을 수 없습니다.' -> 자동확인
2025-12-06 17:43:25,327 | INFO | [시도] 2443/3000
2025-12-06 17:43:25,846 | WARNING | [ALERT] '파일을 찾을 수 없습니다.' -> 자동확인
2025-12-06 17:43:26,167 | INFO | [시도] 2444/3000
2025-12-06 17:43:26,687 | WARNING | [ALERT] '파일을 찾을 수 없습니다.' -> 자동확인
2025-12-06 17:43:27,007 | INFO | [시도] 2445/3000
2025-12-06 17:43:27,512 | WARNING | [ALERT] '파일을 찾을 수 없습니다.' -> 자동확인
2025-12-06 17:43:27,835 | INFO | [시도] 2446/3000
2025-12-06 17:43:28,351 | WARNING | [ALERT] '파일을 찾을 수 없습니다.' -> 자동확인
2025-12-06 17:43:28,673 | INFO | [시도] 2447/3000
2025-12-06 17:43:29,192 | WARNING | [ALERT] '파일을 찾을 수 없습니다.' -> 자동확인
2025-12-06 17:43:29,512 | INFO | [시도] 2448/3000
2025-12-06 17:43:30,017 | WARNING | [ALERT] '파일을 찾을 수 없습니다.' -> 자동확인
2025-12-06 17:43:30,337 | INFO | [시도] 2449/3000
2025-12-06 17:43:30,842 | WARNING | [ALERT] '파일을 찾을 수 없습니다.' -> 자동확인
2025-12-06 17:43:31,162 | INFO | [시도] 2450/3000
2025-12-06 17:43:31,667 | WARNING | [ALERT] '파일을 찾을 수 없습니다.' -> 자동확인
2025-12-06 17:43:31,988 | INFO | [시도] 2451/3000
2025-12-06 17:43:32,507 | WARNING | [ALERT] '파일을 찾을 수 없습니다.' -> 자동확인
2025-12-06 17:43:32,827 | INFO | [시도] 2452/3000
2025-12-06 17:43:33,332 | WARNING | [ALERT] '파일을 찾을 수 없습니다.' -> 자동확인
2025-12-06 17:43:33,653 | INFO | [시도] 2453/3000
2025-12-06 17:43:34,172 | WARNING | [ALERT] '파일을 찾을 수 없습니다.' -> 자동확인
2025-12-06 17:43:34,492 | INFO | [시도] 2454/3000
2025-12-06 17:43:34,997 | WARNING | [ALERT] '파일을 찾을 수 없습니다.' -> 자동확인
2025-12-06 17:43:35,318 | INFO | [시도] 2455/3000
2025-12-06 17:43:35,837 | WARNING | [ALERT] '파일을 찾을 수 없습니다.' -> 자동확인
2025-12-06 17:43:36,158 | INFO | [시도] 2456/3000
2025-12-06 17:43:36,677 | WARNING | [ALERT] '파일을 찾을 수 없습니다.' -> 자동확인
2025-12-06 17:43:36,997 | INFO | [시도] 2457/3000
2025-12-06 17:43:37,502 | WARNING | [ALERT] '파일을 찾을 수 없습니다.' -> 자동확인
2025-12-06 17:43:37,822 | INFO | [시도] 2458/3000
2025-12-06 17:43:38,327 | WARNING | [ALERT] '파일을 찾을 수 없습니다.' -> 자동확인
2025-12-06 17:43:38,647 | INFO | [시도] 2459/3000
2025-12-06 17:43:39,152 | WARNING | [ALERT] '파일을 찾을 수 없습니다.' -> 자동확인
2025-12-06 17:43:39,472 | INFO | [시도] 2460/3000
2025-12-06 17:43:39,992 | WARNING | [ALERT] '파일을 찾을 수 없습니다.' -> 자동확인
2025-12-06 17:43:40,312 | INFO | [시도] 2461/3000
2025-12-06 17:43:40,817 | WARNING | [ALERT] '파일을 찾을 수 없습니다.' -> 자동확인
2025-12-06 17:43:41,137 | INFO | [시도] 2462/3000
2025-12-06 17:43:41,642 | WARNING | [ALERT] '파일을 찾을 수 없습니다.' -> 자동확인
2025-12-06 17:43:41,962 | INFO | [시도] 2463/3000
2025-12-06 17:43:42,467 | WARNING | [ALERT] '파일을 찾을 수 없습니다.' -> 자동확인
2025-12-06 17:43:42,787 | INFO | [시도] 2464/3000
2025-12-06 17:43:43,292 | WARNING | [ALERT] '파일을 찾을 수 없습니다.' -> 자동확인
2025-12-06 17:43:43,612 | INFO | [시도] 2465/3000
2025-12-06 17:43:44,132 | WARNING | [ALERT] '파일을 찾을 수 없습니다.' -> 자동확인
2025-12-06 17:43:44,453 | INFO | [시도] 2466/3000
2025-12-06 17:43:44,957 | WARNING | [ALERT] '파일을 찾을 수 없습니다.' -> 자동확인
2025-12-06 17:43:45,278 | INFO | [시도] 2467/3000
2025-12-06 17:43:45,797 | WARNING | [ALERT] '파일을 찾을 수 없습니다.' -> 자동확인
2025-12-06 17:43:46,119 | INFO | [시도] 2468/3000
2025-12-06 17:43:46,637 | WARNING | [ALERT] '파일을 찾을 수 없습니다.' -> 자동확인
2025-12-06 17:43:46,957 | INFO | [시도] 2469/3000
2025-12-06 17:43:47,462 | WARNING | [ALERT] '파일을 찾을 수 없습니다.' -> 자동확인
2025-12-06 17:43:47,782 | INFO | [시도] 2470/3000
2025-12-06 17:43:48,287 | WARNING | [ALERT] '파일을 찾을 수 없습니다.' -> 자동확인
2025-12-06 17:43:48,611 | INFO | [시도] 2471/3000
2025-12-06 17:43:49,127 | WARNING | [ALERT] '파일을 찾을 수 없습니다.' -> 자동확인
2025-12-06 17:43:49,448 | INFO | [시도] 2472/3000
2025-12-06 17:43:49,967 | WARNING | [ALERT] '파일을 찾을 수 없습니다.' -> 자동확인
2025-12-06 17:43:50,290 | INFO | [시도] 2473/3000
2025-12-06 17:43:50,806 | WARNING | [ALERT] '파일을 찾을 수 없습니다.' -> 자동확인
2025-12-06 17:43:51,128 | INFO | [시도] 2474/3000
2025-12-06 17:43:51,647 | WARNING | [ALERT] '파일을 찾을 수 없습니다.' -> 자동확인
2025-12-06 17:43:51,968 | INFO | [시도] 2475/3000
2025-12-06 17:43:52,472 | WARNING | [ALERT] '파일을 찾을 수 없습니다.' -> 자동확인
2025-12-06 17:43:52,792 | INFO | [시도] 2476/3000
2025-12-06 17:43:53,311 | WARNING | [ALERT] '파일을 찾을 수 없습니다.' -> 자동확인
2025-12-06 17:43:53,632 | INFO | [시도] 2477/3000
2025-12-06 17:43:54,137 | WARNING | [ALERT] '파일을 찾을 수 없습니다.' -> 자동확인
2025-12-06 17:43:54,457 | INFO | [시도] 2478/3000
2025-12-06 17:43:54,977 | WARNING | [ALERT] '파일을 찾을 수 없습니다.' -> 자동확인
2025-12-06 17:43:55,298 | INFO | [시도] 2479/3000
2025-12-06 17:43:55,817 | WARNING | [ALERT] '파일을 찾을 수 없습니다.' -> 자동확인
2025-12-06 17:43:56,137 | INFO | [시도] 2480/3000
2025-12-06 17:43:56,657 | WARNING | [ALERT] '파일을 찾을 수 없습니다.' -> 자동확인
2025-12-06 17:43:56,980 | INFO | [시도] 2481/3000
2025-12-06 17:43:57,497 | WARNING | [ALERT] '파일을 찾을 수 없습니다.' -> 자동확인
2025-12-06 17:43:57,819 | INFO | [시도] 2482/3000
2025-12-06 17:43:58,336 | WARNING | [ALERT] '파일을 찾을 수 없습니다.' -> 자동확인
2025-12-06 17:43:58,658 | INFO | [시도] 2483/3000
2025-12-06 17:43:59,177 | WARNING | [ALERT] '파일을 찾을 수 없습니다.' -> 자동확인
2025-12-06 17:43:59,498 | INFO | [시도] 2484/3000
2025-12-06 17:44:00,001 | WARNING | [ALERT] '파일을 찾을 수 없습니다.' -> 자동확인
2025-12-06 17:44:00,322 | INFO | [시도] 2485/3000
2025-12-06 17:44:00,827 | WARNING | [ALERT] '파일을 찾을 수 없습니다.' -> 자동확인
2025-12-06 17:44:01,148 | INFO | [시도] 2486/3000
2025-12-06 17:44:01,667 | WARNING | [ALERT] '파일을 찾을 수 없습니다.' -> 자동확인
2025-12-06 17:44:01,987 | INFO | [시도] 2487/3000
2025-12-06 17:44:02,507 | WARNING | [ALERT] '파일을 찾을 수 없습니다.' -> 자동확인
2025-12-06 17:44:02,827 | INFO | [시도] 2488/3000
2025-12-06 17:44:03,332 | WARNING | [ALERT] '파일을 찾을 수 없습니다.' -> 자동확인
2025-12-06 17:44:03,653 | INFO | [시도] 2489/3000
2025-12-06 17:44:04,172 | WARNING | [ALERT] '파일을 찾을 수 없습니다.' -> 자동확인
2025-12-06 17:44:04,492 | INFO | [시도] 2490/3000
2025-12-06 17:44:04,997 | WARNING | [ALERT] '파일을 찾을 수 없습니다.' -> 자동확인
2025-12-06 17:44:05,317 | INFO | [시도] 2491/3000
2025-12-06 17:44:05,822 | WARNING | [ALERT] '파일을 찾을 수 없습니다.' -> 자동확인
2025-12-06 17:44:06,142 | INFO | [시도] 2492/3000
2025-12-06 17:44:06,662 | WARNING | [ALERT] '파일을 찾을 수 없습니다.' -> 자동확인
2025-12-06 17:44:06,982 | INFO | [시도] 2493/3000
2025-12-06 17:44:07,487 | WARNING | [ALERT] '파일을 찾을 수 없습니다.' -> 자동확인
2025-12-06 17:44:07,808 | INFO | [시도] 2494/3000
2025-12-06 17:44:08,327 | WARNING | [ALERT] '파일을 찾을 수 없습니다.' -> 자동확인
2025-12-06 17:44:08,652 | INFO | [시도] 2495/3000
2025-12-06 17:44:09,166 | WARNING | [ALERT] '파일을 찾을 수 없습니다.' -> 자동확인
2025-12-06 17:44:09,489 | INFO | [시도] 2496/3000
2025-12-06 17:44:10,007 | WARNING | [ALERT] '파일을 찾을 수 없습니다.' -> 자동확인
2025-12-06 17:44:10,327 | INFO | [시도] 2497/3000
2025-12-06 17:44:10,831 | WARNING | [ALERT] '파일을 찾을 수 없습니다.' -> 자동확인
2025-12-06 17:44:11,154 | INFO | [시도] 2498/3000
2025-12-06 17:44:11,672 | WARNING | [ALERT] '파일을 찾을 수 없습니다.' -> 자동확인
2025-12-06 17:44:11,992 | INFO | [시도] 2499/3000
2025-12-06 17:44:12,511 | WARNING | [ALERT] '파일을 찾을 수 없습니다.' -> 자동확인
2025-12-06 17:44:12,832 | INFO | [시도] 2500/3000
2025-12-06 17:44:13,337 | WARNING | [ALERT] '파일을 찾을 수 없습니다.' -> 자동확인
2025-12-06 17:44:13,657 | INFO | [시도] 2501/3000
2025-12-06 17:44:14,177 | WARNING | [ALERT] '파일을 찾을 수 없습니다.' -> 자동확인
2025-12-06 17:44:14,497 | INFO | [시도] 2502/3000
2025-12-06 17:44:15,002 | WARNING | [ALERT] '파일을 찾을 수 없습니다.' -> 자동확인
2025-12-06 17:44:15,322 | INFO | [시도] 2503/3000
2025-12-06 17:44:15,842 | WARNING | [ALERT] '파일을 찾을 수 없습니다.' -> 자동확인
2025-12-06 17:44:16,162 | INFO | [시도] 2504/3000
2025-12-06 17:44:16,667 | WARNING | [ALERT] '파일을 찾을 수 없습니다.' -> 자동확인
2025-12-06 17:44:16,987 | INFO | [시도] 2505/3000
2025-12-06 17:44:17,492 | WARNING | [ALERT] '파일을 찾을 수 없습니다.' -> 자동확인
2025-12-06 17:44:17,813 | INFO | [시도] 2506/3000
2025-12-06 17:44:18,332 | WARNING | [ALERT] '파일을 찾을 수 없습니다.' -> 자동확인
2025-12-06 17:44:18,653 | INFO | [시도] 2507/3000
2025-12-06 17:44:19,172 | WARNING | [ALERT] '파일을 찾을 수 없습니다.' -> 자동확인
2025-12-06 17:44:19,493 | INFO | [시도] 2508/3000
2025-12-06 17:44:20,012 | WARNING | [ALERT] '파일을 찾을 수 없습니다.' -> 자동확인
2025-12-06 17:44:20,332 | INFO | [시도] 2509/3000
2025-12-06 17:44:20,852 | WARNING | [ALERT] '파일을 찾을 수 없습니다.' -> 자동확인
2025-12-06 17:44:21,176 | INFO | [시도] 2510/3000
2025-12-06 17:44:21,695 | WARNING | [ALERT] '파일을 찾을 수 없습니다.' -> 자동확인
2025-12-06 17:44:22,013 | INFO | [시도] 2511/3000
2025-12-06 17:44:22,532 | WARNING | [ALERT] '파일을 찾을 수 없습니다.' -> 자동확인
2025-12-06 17:44:22,854 | INFO | [시도] 2512/3000
2025-12-06 17:44:23,372 | WARNING | [ALERT] '파일을 찾을 수 없습니다.' -> 자동확인
2025-12-06 17:44:23,692 | INFO | [시도] 2513/3000
2025-12-06 17:44:24,212 | WARNING | [ALERT] '파일을 찾을 수 없습니다.' -> 자동확인
2025-12-06 17:44:24,532 | INFO | [시도] 2514/3000
2025-12-06 17:44:25,036 | WARNING | [ALERT] '파일을 찾을 수 없습니다.' -> 자동확인
2025-12-06 17:44:25,357 | INFO | [시도] 2515/3000
2025-12-06 17:44:25,862 | WARNING | [ALERT] '파일을 찾을 수 없습니다.' -> 자동확인
2025-12-06 17:44:26,184 | INFO | [시도] 2516/3000
2025-12-06 17:44:26,702 | WARNING | [ALERT] '파일을 찾을 수 없습니다.' -> 자동확인
2025-12-06 17:44:27,022 | INFO | [시도] 2517/3000
2025-12-06 17:44:27,541 | WARNING | [ALERT] '파일을 찾을 수 없습니다.' -> 자동확인
2025-12-06 17:44:27,863 | INFO | [시도] 2518/3000
2025-12-06 17:44:28,381 | WARNING | [ALERT] '파일을 찾을 수 없습니다.' -> 자동확인
2025-12-06 17:44:28,702 | INFO | [시도] 2519/3000
2025-12-06 17:44:29,222 | WARNING | [ALERT] '파일을 찾을 수 없습니다.' -> 자동확인
2025-12-06 17:44:29,543 | INFO | [시도] 2520/3000
2025-12-06 17:44:30,047 | WARNING | [ALERT] '파일을 찾을 수 없습니다.' -> 자동확인
2025-12-06 17:44:30,368 | INFO | [시도] 2521/3000
2025-12-06 17:44:30,872 | WARNING | [ALERT] '파일을 찾을 수 없습니다.' -> 자동확인
2025-12-06 17:44:31,194 | INFO | [시도] 2522/3000
2025-12-06 17:44:31,712 | WARNING | [ALERT] '파일을 찾을 수 없습니다.' -> 자동확인
2025-12-06 17:44:32,032 | INFO | [시도] 2523/3000
2025-12-06 17:44:32,552 | WARNING | [ALERT] '파일을 찾을 수 없습니다.' -> 자동확인
2025-12-06 17:44:32,873 | INFO | [시도] 2524/3000
2025-12-06 17:44:33,391 | WARNING | [ALERT] '파일을 찾을 수 없습니다.' -> 자동확인
2025-12-06 17:44:33,712 | INFO | [시도] 2525/3000
2025-12-06 17:44:34,217 | WARNING | [ALERT] '파일을 찾을 수 없습니다.' -> 자동확인
2025-12-06 17:44:34,537 | INFO | [시도] 2526/3000
2025-12-06 17:44:35,056 | WARNING | [ALERT] '파일을 찾을 수 없습니다.' -> 자동확인
2025-12-06 17:44:35,378 | INFO | [시도] 2527/3000
2025-12-06 17:44:35,882 | WARNING | [ALERT] '파일을 찾을 수 없습니다.' -> 자동확인
2025-12-06 17:44:36,202 | INFO | [시도] 2528/3000
2025-12-06 17:44:36,721 | WARNING | [ALERT] '파일을 찾을 수 없습니다.' -> 자동확인
2025-12-06 17:44:37,042 | INFO | [시도] 2529/3000
2025-12-06 17:44:37,547 | WARNING | [ALERT] '파일을 찾을 수 없습니다.' -> 자동확인
2025-12-06 17:44:37,868 | INFO | [시도] 2530/3000
2025-12-06 17:44:38,372 | WARNING | [ALERT] '파일을 찾을 수 없습니다.' -> 자동확인
2025-12-06 17:44:38,692 | INFO | [시도] 2531/3000
2025-12-06 17:44:39,197 | WARNING | [ALERT] '파일을 찾을 수 없습니다.' -> 자동확인
2025-12-06 17:44:39,518 | INFO | [시도] 2532/3000
2025-12-06 17:44:40,022 | WARNING | [ALERT] '파일을 찾을 수 없습니다.' -> 자동확인
2025-12-06 17:44:40,342 | INFO | [시도] 2533/3000
2025-12-06 17:44:40,847 | WARNING | [ALERT] '파일을 찾을 수 없습니다.' -> 자동확인
2025-12-06 17:44:41,169 | INFO | [시도] 2534/3000
2025-12-06 17:44:41,687 | WARNING | [ALERT] '파일을 찾을 수 없습니다.' -> 자동확인
2025-12-06 17:44:42,007 | INFO | [시도] 2535/3000
2025-12-06 17:44:42,512 | WARNING | [ALERT] '파일을 찾을 수 없습니다.' -> 자동확인
2025-12-06 17:44:42,832 | INFO | [시도] 2536/3000
2025-12-06 17:44:43,352 | WARNING | [ALERT] '파일을 찾을 수 없습니다.' -> 자동확인
2025-12-06 17:44:43,672 | INFO | [시도] 2537/3000
2025-12-06 17:44:44,192 | WARNING | [ALERT] '파일을 찾을 수 없습니다.' -> 자동확인
2025-12-06 17:44:44,513 | INFO | [시도] 2538/3000
2025-12-06 17:44:45,032 | WARNING | [ALERT] '파일을 찾을 수 없습니다.' -> 자동확인
2025-12-06 17:44:45,353 | INFO | [시도] 2539/3000
2025-12-06 17:44:45,872 | WARNING | [ALERT] '파일을 찾을 수 없습니다.' -> 자동확인
2025-12-06 17:44:46,192 | INFO | [시도] 2540/3000
2025-12-06 17:44:46,696 | WARNING | [ALERT] '파일을 찾을 수 없습니다.' -> 자동확인
2025-12-06 17:44:47,017 | INFO | [시도] 2541/3000
2025-12-06 17:44:47,522 | WARNING | [ALERT] '파일을 찾을 수 없습니다.' -> 자동확인
2025-12-06 17:44:47,842 | INFO | [시도] 2542/3000
2025-12-06 17:44:48,362 | WARNING | [ALERT] '파일을 찾을 수 없습니다.' -> 자동확인
2025-12-06 17:44:48,682 | INFO | [시도] 2543/3000
2025-12-06 17:44:49,187 | WARNING | [ALERT] '파일을 찾을 수 없습니다.' -> 자동확인
2025-12-06 17:44:49,507 | INFO | [시도] 2544/3000
2025-12-06 17:44:50,012 | WARNING | [ALERT] '파일을 찾을 수 없습니다.' -> 자동확인
2025-12-06 17:44:50,334 | INFO | [시도] 2545/3000
2025-12-06 17:44:50,852 | WARNING | [ALERT] '파일을 찾을 수 없습니다.' -> 자동확인
2025-12-06 17:44:51,172 | INFO | [시도] 2546/3000
2025-12-06 17:44:51,677 | WARNING | [ALERT] '파일을 찾을 수 없습니다.' -> 자동확인
2025-12-06 17:44:51,998 | INFO | [시도] 2547/3000
2025-12-06 17:44:52,517 | WARNING | [ALERT] '파일을 찾을 수 없습니다.' -> 자동확인
2025-12-06 17:44:52,837 | INFO | [시도] 2548/3000
2025-12-06 17:44:53,341 | WARNING | [ALERT] '파일을 찾을 수 없습니다.' -> 자동확인
2025-12-06 17:44:53,662 | INFO | [시도] 2549/3000
2025-12-06 17:44:54,167 | WARNING | [ALERT] '파일을 찾을 수 없습니다.' -> 자동확인
2025-12-06 17:44:54,487 | INFO | [시도] 2550/3000
2025-12-06 17:44:55,007 | WARNING | [ALERT] '파일을 찾을 수 없습니다.' -> 자동확인
2025-12-06 17:44:55,327 | INFO | [시도] 2551/3000
2025-12-06 17:44:55,832 | WARNING | [ALERT] '파일을 찾을 수 없습니다.' -> 자동확인
2025-12-06 17:44:56,152 | INFO | [시도] 2552/3000
2025-12-06 17:44:56,671 | WARNING | [ALERT] '파일을 찾을 수 없습니다.' -> 자동확인
2025-12-06 17:44:56,992 | INFO | [시도] 2553/3000
2025-12-06 17:44:57,512 | WARNING | [ALERT] '파일을 찾을 수 없습니다.' -> 자동확인
2025-12-06 17:44:57,832 | INFO | [시도] 2554/3000
2025-12-06 17:44:58,337 | WARNING | [ALERT] '파일을 찾을 수 없습니다.' -> 자동확인
2025-12-06 17:44:58,659 | INFO | [시도] 2555/3000
2025-12-06 17:44:59,177 | WARNING | [ALERT] '파일을 찾을 수 없습니다.' -> 자동확인
2025-12-06 17:44:59,497 | INFO | [시도] 2556/3000
2025-12-06 17:45:00,002 | WARNING | [ALERT] '파일을 찾을 수 없습니다.' -> 자동확인
2025-12-06 17:45:00,322 | INFO | [시도] 2557/3000
2025-12-06 17:45:00,827 | WARNING | [ALERT] '파일을 찾을 수 없습니다.' -> 자동확인
2025-12-06 17:45:01,147 | INFO | [시도] 2558/3000
2025-12-06 17:45:01,667 | WARNING | [ALERT] '파일을 찾을 수 없습니다.' -> 자동확인
2025-12-06 17:45:01,988 | INFO | [시도] 2559/3000
2025-12-06 17:45:02,507 | WARNING | [ALERT] '파일을 찾을 수 없습니다.' -> 자동확인
2025-12-06 17:45:02,827 | INFO | [시도] 2560/3000
2025-12-06 17:45:03,332 | WARNING | [ALERT] '파일을 찾을 수 없습니다.' -> 자동확인
2025-12-06 17:45:03,652 | INFO | [시도] 2561/3000
2025-12-06 17:45:04,172 | WARNING | [ALERT] '파일을 찾을 수 없습니다.' -> 자동확인
2025-12-06 17:45:04,492 | INFO | [시도] 2562/3000
2025-12-06 17:45:04,996 | WARNING | [ALERT] '파일을 찾을 수 없습니다.' -> 자동확인
2025-12-06 17:45:05,319 | INFO | [시도] 2563/3000
2025-12-06 17:45:05,837 | WARNING | [ALERT] '파일을 찾을 수 없습니다.' -> 자동확인
2025-12-06 17:45:06,157 | INFO | [시도] 2564/3000
2025-12-06 17:45:06,677 | WARNING | [ALERT] '파일을 찾을 수 없습니다.' -> 자동확인
2025-12-06 17:45:06,997 | INFO | [시도] 2565/3000
2025-12-06 17:45:07,502 | WARNING | [ALERT] '파일을 찾을 수 없습니다.' -> 자동확인
2025-12-06 17:45:07,823 | INFO | [시도] 2566/3000
2025-12-06 17:45:08,326 | WARNING | [ALERT] '파일을 찾을 수 없습니다.' -> 자동확인
2025-12-06 17:45:08,647 | INFO | [시도] 2567/3000
2025-12-06 17:45:09,167 | WARNING | [ALERT] '파일을 찾을 수 없습니다.' -> 자동확인
2025-12-06 17:45:09,487 | INFO | [시도] 2568/3000
2025-12-06 17:45:09,992 | WARNING | [ALERT] '파일을 찾을 수 없습니다.' -> 자동확인
2025-12-06 17:45:10,313 | INFO | [시도] 2569/3000
2025-12-06 17:45:10,831 | WARNING | [ALERT] '파일을 찾을 수 없습니다.' -> 자동확인
2025-12-06 17:45:11,152 | INFO | [시도] 2570/3000
2025-12-06 17:45:11,656 | WARNING | [ALERT] '파일을 찾을 수 없습니다.' -> 자동확인
2025-12-06 17:45:11,979 | INFO | [시도] 2571/3000
2025-12-06 17:45:12,497 | WARNING | [ALERT] '파일을 찾을 수 없습니다.' -> 자동확인
2025-12-06 17:45:12,818 | INFO | [시도] 2572/3000
2025-12-06 17:45:13,337 | WARNING | [ALERT] '파일을 찾을 수 없습니다.' -> 자동확인
2025-12-06 17:45:13,658 | INFO | [시도] 2573/3000
2025-12-06 17:45:14,177 | WARNING | [ALERT] '파일을 찾을 수 없습니다.' -> 자동확인
2025-12-06 17:45:14,497 | INFO | [시도] 2574/3000
2025-12-06 17:45:15,017 | WARNING | [ALERT] '파일을 찾을 수 없습니다.' -> 자동확인
2025-12-06 17:45:15,337 | INFO | [시도] 2575/3000
2025-12-06 17:45:15,857 | WARNING | [ALERT] '파일을 찾을 수 없습니다.' -> 자동확인
2025-12-06 17:45:16,182 | INFO | [시도] 2576/3000
2025-12-06 17:45:16,697 | WARNING | [ALERT] '파일을 찾을 수 없습니다.' -> 자동확인
2025-12-06 17:45:17,017 | INFO | [시도] 2577/3000
2025-12-06 17:45:17,537 | WARNING | [ALERT] '파일을 찾을 수 없습니다.' -> 자동확인
2025-12-06 17:45:17,858 | INFO | [시도] 2578/3000
2025-12-06 17:45:18,377 | WARNING | [ALERT] '파일을 찾을 수 없습니다.' -> 자동확인
2025-12-06 17:45:18,698 | INFO | [시도] 2579/3000
2025-12-06 17:45:19,202 | WARNING | [ALERT] '파일을 찾을 수 없습니다.' -> 자동확인
2025-12-06 17:45:19,522 | INFO | [시도] 2580/3000
2025-12-06 17:45:20,042 | WARNING | [ALERT] '파일을 찾을 수 없습니다.' -> 자동확인
2025-12-06 17:45:20,362 | INFO | [시도] 2581/3000
2025-12-06 17:45:20,882 | WARNING | [ALERT] '파일을 찾을 수 없습니다.' -> 자동확인
2025-12-06 17:45:21,202 | INFO | [시도] 2582/3000
2025-12-06 17:45:21,722 | WARNING | [ALERT] '파일을 찾을 수 없습니다.' -> 자동확인
2025-12-06 17:45:22,043 | INFO | [시도] 2583/3000
2025-12-06 17:45:22,562 | WARNING | [ALERT] '파일을 찾을 수 없습니다.' -> 자동확인
2025-12-06 17:45:22,883 | INFO | [시도] 2584/3000
2025-12-06 17:45:23,402 | WARNING | [ALERT] '파일을 찾을 수 없습니다.' -> 자동확인
2025-12-06 17:45:23,723 | INFO | [시도] 2585/3000
2025-12-06 17:45:24,227 | WARNING | [ALERT] '파일을 찾을 수 없습니다.' -> 자동확인
2025-12-06 17:45:24,547 | INFO | [시도] 2586/3000
2025-12-06 17:45:25,052 | WARNING | [ALERT] '파일을 찾을 수 없습니다.' -> 자동확인
2025-12-06 17:45:25,372 | INFO | [시도] 2587/3000
2025-12-06 17:45:25,892 | WARNING | [ALERT] '파일을 찾을 수 없습니다.' -> 자동확인
2025-12-06 17:45:26,212 | INFO | [시도] 2588/3000
2025-12-06 17:45:26,732 | WARNING | [ALERT] '파일을 찾을 수 없습니다.' -> 자동확인
2025-12-06 17:45:27,055 | INFO | [시도] 2589/3000
2025-12-06 17:45:27,574 | WARNING | [ALERT] '파일을 찾을 수 없습니다.' -> 자동확인
2025-12-06 17:45:27,894 | INFO | [시도] 2590/3000
2025-12-06 17:45:28,413 | WARNING | [ALERT] '파일을 찾을 수 없습니다.' -> 자동확인
2025-12-06 17:45:28,735 | INFO | [시도] 2591/3000
2025-12-06 17:45:29,239 | WARNING | [ALERT] '파일을 찾을 수 없습니다.' -> 자동확인
2025-12-06 17:45:29,560 | INFO | [시도] 2592/3000
2025-12-06 17:45:30,063 | WARNING | [ALERT] '파일을 찾을 수 없습니다.' -> 자동확인
2025-12-06 17:45:30,384 | INFO | [시도] 2593/3000
2025-12-06 17:45:30,904 | WARNING | [ALERT] '파일을 찾을 수 없습니다.' -> 자동확인
2025-12-06 17:45:31,224 | INFO | [시도] 2594/3000
2025-12-06 17:45:31,728 | WARNING | [ALERT] '파일을 찾을 수 없습니다.' -> 자동확인
2025-12-06 17:45:32,050 | INFO | [시도] 2595/3000
2025-12-06 17:45:32,554 | WARNING | [ALERT] '파일을 찾을 수 없습니다.' -> 자동확인
2025-12-06 17:45:32,874 | INFO | [시도] 2596/3000
2025-12-06 17:45:33,379 | WARNING | [ALERT] '파일을 찾을 수 없습니다.' -> 자동확인
2025-12-06 17:45:33,699 | INFO | [시도] 2597/3000
2025-12-06 17:45:34,218 | WARNING | [ALERT] '파일을 찾을 수 없습니다.' -> 자동확인
2025-12-06 17:45:34,540 | INFO | [시도] 2598/3000
2025-12-06 17:45:35,059 | WARNING | [ALERT] '파일을 찾을 수 없습니다.' -> 자동확인
2025-12-06 17:45:35,379 | INFO | [시도] 2599/3000
2025-12-06 17:45:35,898 | WARNING | [ALERT] '파일을 찾을 수 없습니다.' -> 자동확인
2025-12-06 17:45:36,222 | INFO | [시도] 2600/3000
2025-12-06 17:45:36,739 | WARNING | [ALERT] '파일을 찾을 수 없습니다.' -> 자동확인
2025-12-06 17:45:37,060 | INFO | [시도] 2601/3000
2025-12-06 17:45:37,579 | WARNING | [ALERT] '파일을 찾을 수 없습니다.' -> 자동확인
2025-12-06 17:45:37,900 | INFO | [시도] 2602/3000
2025-12-06 17:45:38,404 | WARNING | [ALERT] '파일을 찾을 수 없습니다.' -> 자동확인
2025-12-06 17:45:38,724 | INFO | [시도] 2603/3000
2025-12-06 17:45:39,244 | WARNING | [ALERT] '파일을 찾을 수 없습니다.' -> 자동확인
2025-12-06 17:45:39,564 | INFO | [시도] 2604/3000
2025-12-06 17:45:40,084 | WARNING | [ALERT] '파일을 찾을 수 없습니다.' -> 자동확인
2025-12-06 17:45:40,404 | INFO | [시도] 2605/3000
2025-12-06 17:45:40,908 | WARNING | [ALERT] '파일을 찾을 수 없습니다.' -> 자동확인
2025-12-06 17:45:41,230 | INFO | [시도] 2606/3000
2025-12-06 17:45:41,749 | WARNING | [ALERT] '파일을 찾을 수 없습니다.' -> 자동확인
2025-12-06 17:45:42,070 | INFO | [시도] 2607/3000
2025-12-06 17:45:42,589 | WARNING | [ALERT] '파일을 찾을 수 없습니다.' -> 자동확인
2025-12-06 17:45:42,909 | INFO | [시도] 2608/3000
2025-12-06 17:45:43,414 | WARNING | [ALERT] '파일을 찾을 수 없습니다.' -> 자동확인
2025-12-06 17:45:43,734 | INFO | [시도] 2609/3000
2025-12-06 17:45:44,254 | WARNING | [ALERT] '파일을 찾을 수 없습니다.' -> 자동확인
2025-12-06 17:45:44,575 | INFO | [시도] 2610/3000
2025-12-06 17:45:45,094 | WARNING | [ALERT] '파일을 찾을 수 없습니다.' -> 자동확인
2025-12-06 17:45:45,414 | INFO | [시도] 2611/3000
2025-12-06 17:45:45,934 | WARNING | [ALERT] '파일을 찾을 수 없습니다.' -> 자동확인
2025-12-06 17:45:46,254 | INFO | [시도] 2612/3000
2025-12-06 17:45:46,759 | WARNING | [ALERT] '파일을 찾을 수 없습니다.' -> 자동확인
2025-12-06 17:45:47,080 | INFO | [시도] 2613/3000
2025-12-06 17:45:47,599 | WARNING | [ALERT] '파일을 찾을 수 없습니다.' -> 자동확인
2025-12-06 17:45:47,920 | INFO | [시도] 2614/3000
2025-12-06 17:45:48,439 | WARNING | [ALERT] '파일을 찾을 수 없습니다.' -> 자동확인
2025-12-06 17:45:48,760 | INFO | [시도] 2615/3000
2025-12-06 17:45:49,279 | WARNING | [ALERT] '파일을 찾을 수 없습니다.' -> 자동확인
2025-12-06 17:45:49,599 | INFO | [시도] 2616/3000
2025-12-06 17:45:50,104 | WARNING | [ALERT] '파일을 찾을 수 없습니다.' -> 자동확인
2025-12-06 17:45:50,424 | INFO | [시도] 2617/3000
2025-12-06 17:45:50,944 | WARNING | [ALERT] '파일을 찾을 수 없습니다.' -> 자동확인
2025-12-06 17:45:51,264 | INFO | [시도] 2618/3000
2025-12-06 17:45:51,768 | WARNING | [ALERT] '파일을 찾을 수 없습니다.' -> 자동확인
2025-12-06 17:45:52,090 | INFO | [시도] 2619/3000
2025-12-06 17:45:52,609 | WARNING | [ALERT] '파일을 찾을 수 없습니다.' -> 자동확인
2025-12-06 17:45:52,929 | INFO | [시도] 2620/3000
2025-12-06 17:45:53,449 | WARNING | [ALERT] '파일을 찾을 수 없습니다.' -> 자동확인
2025-12-06 17:45:53,770 | INFO | [시도] 2621/3000
2025-12-06 17:45:54,289 | WARNING | [ALERT] '파일을 찾을 수 없습니다.' -> 자동확인
2025-12-06 17:45:54,611 | INFO | [시도] 2622/3000
2025-12-06 17:45:55,129 | WARNING | [ALERT] '파일을 찾을 수 없습니다.' -> 자동확인
2025-12-06 17:45:55,451 | INFO | [시도] 2623/3000
2025-12-06 17:45:55,969 | WARNING | [ALERT] '파일을 찾을 수 없습니다.' -> 자동확인
2025-12-06 17:45:56,290 | INFO | [시도] 2624/3000
2025-12-06 17:45:56,809 | WARNING | [ALERT] '파일을 찾을 수 없습니다.' -> 자동확인
2025-12-06 17:45:57,129 | INFO | [시도] 2625/3000
2025-12-06 17:45:57,634 | WARNING | [ALERT] '파일을 찾을 수 없습니다.' -> 자동확인
2025-12-06 17:45:57,955 | INFO | [시도] 2626/3000
2025-12-06 17:45:58,474 | WARNING | [ALERT] '파일을 찾을 수 없습니다.' -> 자동확인
2025-12-06 17:45:58,794 | INFO | [시도] 2627/3000
2025-12-06 17:45:59,299 | WARNING | [ALERT] '파일을 찾을 수 없습니다.' -> 자동확인
2025-12-06 17:45:59,619 | INFO | [시도] 2628/3000
2025-12-06 17:46:00,139 | WARNING | [ALERT] '파일을 찾을 수 없습니다.' -> 자동확인
2025-12-06 17:46:00,460 | INFO | [시도] 2629/3000
2025-12-06 17:46:00,964 | WARNING | [ALERT] '파일을 찾을 수 없습니다.' -> 자동확인
2025-12-06 17:46:01,284 | INFO | [시도] 2630/3000
2025-12-06 17:46:01,789 | WARNING | [ALERT] '파일을 찾을 수 없습니다.' -> 자동확인
2025-12-06 17:46:02,111 | INFO | [시도] 2631/3000
2025-12-06 17:46:02,629 | WARNING | [ALERT] '파일을 찾을 수 없습니다.' -> 자동확인
2025-12-06 17:46:02,949 | INFO | [시도] 2632/3000
2025-12-06 17:46:03,454 | WARNING | [ALERT] '파일을 찾을 수 없습니다.' -> 자동확인
2025-12-06 17:46:03,774 | INFO | [시도] 2633/3000
2025-12-06 17:46:04,279 | WARNING | [ALERT] '파일을 찾을 수 없습니다.' -> 자동확인
2025-12-06 17:46:04,599 | INFO | [시도] 2634/3000
2025-12-06 17:46:05,104 | WARNING | [ALERT] '파일을 찾을 수 없습니다.' -> 자동확인
2025-12-06 17:46:05,424 | INFO | [시도] 2635/3000
2025-12-06 17:46:05,944 | WARNING | [ALERT] '파일을 찾을 수 없습니다.' -> 자동확인
2025-12-06 17:46:06,264 | INFO | [시도] 2636/3000
2025-12-06 17:46:06,784 | WARNING | [ALERT] '파일을 찾을 수 없습니다.' -> 자동확인
2025-12-06 17:46:07,104 | INFO | [시도] 2637/3000
2025-12-06 17:46:07,624 | WARNING | [ALERT] '파일을 찾을 수 없습니다.' -> 자동확인
2025-12-06 17:46:07,944 | INFO | [시도] 2638/3000
2025-12-06 17:46:08,464 | WARNING | [ALERT] '파일을 찾을 수 없습니다.' -> 자동확인
2025-12-06 17:46:08,784 | INFO | [시도] 2639/3000
2025-12-06 17:46:09,289 | WARNING | [ALERT] '파일을 찾을 수 없습니다.' -> 자동확인
2025-12-06 17:46:09,609 | INFO | [시도] 2640/3000
2025-12-06 17:46:10,114 | WARNING | [ALERT] '파일을 찾을 수 없습니다.' -> 자동확인
2025-12-06 17:46:10,435 | INFO | [시도] 2641/3000
2025-12-06 17:46:10,938 | WARNING | [ALERT] '파일을 찾을 수 없습니다.' -> 자동확인
2025-12-06 17:46:11,259 | INFO | [시도] 2642/3000
2025-12-06 17:46:11,763 | WARNING | [ALERT] '파일을 찾을 수 없습니다.' -> 자동확인
2025-12-06 17:46:12,084 | INFO | [시도] 2643/3000
2025-12-06 17:46:12,604 | WARNING | [ALERT] '파일을 찾을 수 없습니다.' -> 자동확인
2025-12-06 17:46:12,924 | INFO | [시도] 2644/3000
2025-12-06 17:46:13,444 | WARNING | [ALERT] '파일을 찾을 수 없습니다.' -> 자동확인
2025-12-06 17:46:13,764 | INFO | [시도] 2645/3000
2025-12-06 17:46:14,284 | WARNING | [ALERT] '파일을 찾을 수 없습니다.' -> 자동확인
2025-12-06 17:46:14,605 | INFO | [시도] 2646/3000
2025-12-06 17:46:15,124 | WARNING | [ALERT] '파일을 찾을 수 없습니다.' -> 자동확인
2025-12-06 17:46:15,445 | INFO | [시도] 2647/3000
2025-12-06 17:46:15,964 | WARNING | [ALERT] '파일을 찾을 수 없습니다.' -> 자동확인
2025-12-06 17:46:16,284 | INFO | [시도] 2648/3000
2025-12-06 17:46:16,789 | WARNING | [ALERT] '파일을 찾을 수 없습니다.' -> 자동확인
2025-12-06 17:46:17,110 | INFO | [시도] 2649/3000
2025-12-06 17:46:17,629 | WARNING | [ALERT] '파일을 찾을 수 없습니다.' -> 자동확인
2025-12-06 17:46:17,949 | INFO | [시도] 2650/3000
2025-12-06 17:46:18,469 | WARNING | [ALERT] '파일을 찾을 수 없습니다.' -> 자동확인
2025-12-06 17:46:18,789 | INFO | [시도] 2651/3000
2025-12-06 17:46:19,309 | WARNING | [ALERT] '파일을 찾을 수 없습니다.' -> 자동확인
2025-12-06 17:46:19,630 | INFO | [시도] 2652/3000
2025-12-06 17:46:20,133 | WARNING | [ALERT] '파일을 찾을 수 없습니다.' -> 자동확인
2025-12-06 17:46:20,455 | INFO | [시도] 2653/3000
2025-12-06 17:46:20,959 | WARNING | [ALERT] '파일을 찾을 수 없습니다.' -> 자동확인
2025-12-06 17:46:21,280 | INFO | [시도] 2654/3000
2025-12-06 17:46:21,784 | WARNING | [ALERT] '파일을 찾을 수 없습니다.' -> 자동확인
2025-12-06 17:46:22,106 | INFO | [시도] 2655/3000
2025-12-06 17:46:22,624 | WARNING | [ALERT] '파일을 찾을 수 없습니다.' -> 자동확인
2025-12-06 17:46:22,944 | INFO | [시도] 2656/3000
2025-12-06 17:46:23,464 | WARNING | [ALERT] '파일을 찾을 수 없습니다.' -> 자동확인
2025-12-06 17:46:23,786 | INFO | [시도] 2657/3000
2025-12-06 17:46:24,304 | WARNING | [ALERT] '파일을 찾을 수 없습니다.' -> 자동확인
2025-12-06 17:46:24,627 | INFO | [시도] 2658/3000
2025-12-06 17:46:25,143 | WARNING | [ALERT] '파일을 찾을 수 없습니다.' -> 자동확인
2025-12-06 17:46:25,466 | INFO | [시도] 2659/3000
2025-12-06 17:46:25,984 | WARNING | [ALERT] '파일을 찾을 수 없습니다.' -> 자동확인
2025-12-06 17:46:26,304 | INFO | [시도] 2660/3000
2025-12-06 17:46:26,809 | WARNING | [ALERT] '파일을 찾을 수 없습니다.' -> 자동확인
2025-12-06 17:46:27,129 | INFO | [시도] 2661/3000
2025-12-06 17:46:27,634 | WARNING | [ALERT] '파일을 찾을 수 없습니다.' -> 자동확인
2025-12-06 17:46:27,955 | INFO | [시도] 2662/3000
2025-12-06 17:46:28,459 | WARNING | [ALERT] '파일을 찾을 수 없습니다.' -> 자동확인
2025-12-06 17:46:28,779 | INFO | [시도] 2663/3000
2025-12-06 17:46:29,284 | WARNING | [ALERT] '파일을 찾을 수 없습니다.' -> 자동확인
2025-12-06 17:46:29,604 | INFO | [시도] 2664/3000
2025-12-06 17:46:30,109 | WARNING | [ALERT] '파일을 찾을 수 없습니다.' -> 자동확인
2025-12-06 17:46:30,431 | INFO | [시도] 2665/3000
2025-12-06 17:46:30,949 | WARNING | [ALERT] '파일을 찾을 수 없습니다.' -> 자동확인
2025-12-06 17:46:31,269 | INFO | [시도] 2666/3000
2025-12-06 17:46:31,774 | WARNING | [ALERT] '파일을 찾을 수 없습니다.' -> 자동확인
2025-12-06 17:46:32,095 | INFO | [시도] 2667/3000
2025-12-06 17:46:32,614 | WARNING | [ALERT] '파일을 찾을 수 없습니다.' -> 자동확인
2025-12-06 17:46:32,935 | INFO | [시도] 2668/3000
2025-12-06 17:46:33,454 | WARNING | [ALERT] '파일을 찾을 수 없습니다.' -> 자동확인
2025-12-06 17:46:33,774 | INFO | [시도] 2669/3000
2025-12-06 17:46:34,294 | WARNING | [ALERT] '파일을 찾을 수 없습니다.' -> 자동확인
2025-12-06 17:46:34,614 | INFO | [시도] 2670/3000
2025-12-06 17:46:35,118 | WARNING | [ALERT] '파일을 찾을 수 없습니다.' -> 자동확인
2025-12-06 17:46:35,439 | INFO | [시도] 2671/3000
2025-12-06 17:46:35,944 | WARNING | [ALERT] '파일을 찾을 수 없습니다.' -> 자동확인
2025-12-06 17:46:36,264 | INFO | [시도] 2672/3000
2025-12-06 17:46:36,784 | WARNING | [ALERT] '파일을 찾을 수 없습니다.' -> 자동확인
2025-12-06 17:46:37,104 | INFO | [시도] 2673/3000
2025-12-06 17:46:37,624 | WARNING | [ALERT] '파일을 찾을 수 없습니다.' -> 자동확인
2025-12-06 17:46:37,944 | INFO | [시도] 2674/3000
2025-12-06 17:46:38,449 | WARNING | [ALERT] '파일을 찾을 수 없습니다.' -> 자동확인
2025-12-06 17:46:38,769 | INFO | [시도] 2675/3000
2025-12-06 17:46:39,274 | WARNING | [ALERT] '파일을 찾을 수 없습니다.' -> 자동확인
2025-12-06 17:46:39,594 | INFO | [시도] 2676/3000
2025-12-06 17:46:40,114 | WARNING | [ALERT] '파일을 찾을 수 없습니다.' -> 자동확인
2025-12-06 17:46:40,435 | INFO | [시도] 2677/3000
2025-12-06 17:46:40,954 | WARNING | [ALERT] '파일을 찾을 수 없습니다.' -> 자동확인
2025-12-06 17:46:41,275 | INFO | [시도] 2678/3000
2025-12-06 17:46:41,779 | WARNING | [ALERT] '파일을 찾을 수 없습니다.' -> 자동확인
2025-12-06 17:46:42,099 | INFO | [시도] 2679/3000
2025-12-06 17:46:42,619 | WARNING | [ALERT] '파일을 찾을 수 없습니다.' -> 자동확인
2025-12-06 17:46:42,939 | INFO | [시도] 2680/3000
2025-12-06 17:46:43,459 | WARNING | [ALERT] '파일을 찾을 수 없습니다.' -> 자동확인
2025-12-06 17:46:43,780 | INFO | [시도] 2681/3000
2025-12-06 17:46:44,299 | WARNING | [ALERT] '파일을 찾을 수 없습니다.' -> 자동확인
2025-12-06 17:46:44,620 | INFO | [시도] 2682/3000
2025-12-06 17:46:45,139 | WARNING | [ALERT] '파일을 찾을 수 없습니다.' -> 자동확인
2025-12-06 17:46:45,461 | INFO | [시도] 2683/3000
2025-12-06 17:46:45,979 | WARNING | [ALERT] '파일을 찾을 수 없습니다.' -> 자동확인
2025-12-06 17:46:46,301 | INFO | [시도] 2684/3000
2025-12-06 17:46:46,819 | WARNING | [ALERT] '파일을 찾을 수 없습니다.' -> 자동확인
2025-12-06 17:46:47,140 | INFO | [시도] 2685/3000
2025-12-06 17:46:47,644 | WARNING | [ALERT] '파일을 찾을 수 없습니다.' -> 자동확인
2025-12-06 17:46:47,964 | INFO | [시도] 2686/3000
2025-12-06 17:46:48,469 | WARNING | [ALERT] '파일을 찾을 수 없습니다.' -> 자동확인
2025-12-06 17:46:48,792 | INFO | [시도] 2687/3000
2025-12-06 17:46:49,309 | WARNING | [ALERT] '파일을 찾을 수 없습니다.' -> 자동확인
2025-12-06 17:46:49,629 | INFO | [시도] 2688/3000
2025-12-06 17:46:50,134 | WARNING | [ALERT] '파일을 찾을 수 없습니다.' -> 자동확인
2025-12-06 17:46:50,455 | INFO | [시도] 2689/3000
2025-12-06 17:46:50,974 | WARNING | [ALERT] '파일을 찾을 수 없습니다.' -> 자동확인
2025-12-06 17:46:51,294 | INFO | [시도] 2690/3000
2025-12-06 17:46:51,799 | WARNING | [ALERT] '파일을 찾을 수 없습니다.' -> 자동확인
2025-12-06 17:46:52,119 | INFO | [시도] 2691/3000
2025-12-06 17:46:52,624 | WARNING | [ALERT] '파일을 찾을 수 없습니다.' -> 자동확인
2025-12-06 17:46:52,944 | INFO | [시도] 2692/3000
2025-12-06 17:46:53,464 | WARNING | [ALERT] '파일을 찾을 수 없습니다.' -> 자동확인
2025-12-06 17:46:53,785 | INFO | [시도] 2693/3000
2025-12-06 17:46:54,304 | WARNING | [ALERT] '파일을 찾을 수 없습니다.' -> 자동확인
2025-12-06 17:46:54,624 | INFO | [시도] 2694/3000
2025-12-06 17:46:55,144 | WARNING | [ALERT] '파일을 찾을 수 없습니다.' -> 자동확인
2025-12-06 17:46:55,465 | INFO | [시도] 2695/3000
2025-12-06 17:46:55,984 | WARNING | [ALERT] '파일을 찾을 수 없습니다.' -> 자동확인
2025-12-06 17:46:56,304 | INFO | [시도] 2696/3000
2025-12-06 17:46:56,809 | WARNING | [ALERT] '파일을 찾을 수 없습니다.' -> 자동확인
2025-12-06 17:46:57,129 | INFO | [시도] 2697/3000
2025-12-06 17:46:57,649 | WARNING | [ALERT] '파일을 찾을 수 없습니다.' -> 자동확인
2025-12-06 17:46:57,970 | INFO | [시도] 2698/3000
2025-12-06 17:46:58,488 | WARNING | [ALERT] '파일을 찾을 수 없습니다.' -> 자동확인
2025-12-06 17:46:58,810 | INFO | [시도] 2699/3000
2025-12-06 17:46:59,329 | WARNING | [ALERT] '파일을 찾을 수 없습니다.' -> 자동확인
2025-12-06 17:46:59,650 | INFO | [시도] 2700/3000
2025-12-06 17:47:00,169 | WARNING | [ALERT] '파일을 찾을 수 없습니다.' -> 자동확인
2025-12-06 17:47:00,489 | INFO | [시도] 2701/3000
2025-12-06 17:47:01,009 | WARNING | [ALERT] '파일을 찾을 수 없습니다.' -> 자동확인
2025-12-06 17:47:01,329 | INFO | [시도] 2702/3000
2025-12-06 17:47:01,834 | WARNING | [ALERT] '파일을 찾을 수 없습니다.' -> 자동확인
2025-12-06 17:47:02,154 | INFO | [시도] 2703/3000
2025-12-06 17:47:02,659 | WARNING | [ALERT] '파일을 찾을 수 없습니다.' -> 자동확인
2025-12-06 17:47:02,979 | INFO | [시도] 2704/3000
2025-12-06 17:47:03,498 | WARNING | [ALERT] '파일을 찾을 수 없습니다.' -> 자동확인
2025-12-06 17:47:03,819 | INFO | [시도] 2705/3000
2025-12-06 17:47:04,323 | WARNING | [ALERT] '파일을 찾을 수 없습니다.' -> 자동확인
2025-12-06 17:47:04,644 | INFO | [시도] 2706/3000
2025-12-06 17:47:05,149 | WARNING | [ALERT] '파일을 찾을 수 없습니다.' -> 자동확인
2025-12-06 17:47:05,470 | INFO | [시도] 2707/3000
2025-12-06 17:47:05,988 | WARNING | [ALERT] '파일을 찾을 수 없습니다.' -> 자동확인
2025-12-06 17:47:06,310 | INFO | [시도] 2708/3000
2025-12-06 17:47:06,829 | WARNING | [ALERT] '파일을 찾을 수 없습니다.' -> 자동확인
2025-12-06 17:47:07,151 | INFO | [시도] 2709/3000
2025-12-06 17:47:07,669 | WARNING | [ALERT] '파일을 찾을 수 없습니다.' -> 자동확인
2025-12-06 17:47:07,990 | INFO | [시도] 2710/3000
2025-12-06 17:47:08,509 | WARNING | [ALERT] '파일을 찾을 수 없습니다.' -> 자동확인
2025-12-06 17:47:08,829 | INFO | [시도] 2711/3000
2025-12-06 17:47:09,334 | WARNING | [ALERT] '파일을 찾을 수 없습니다.' -> 자동확인
2025-12-06 17:47:09,656 | INFO | [시도] 2712/3000
2025-12-06 17:47:10,173 | WARNING | [ALERT] '파일을 찾을 수 없습니다.' -> 자동확인
2025-12-06 17:47:10,495 | INFO | [시도] 2713/3000
2025-12-06 17:47:10,998 | WARNING | [ALERT] '파일을 찾을 수 없습니다.' -> 자동확인
2025-12-06 17:47:11,319 | INFO | [시도] 2714/3000
2025-12-06 17:47:11,839 | WARNING | [ALERT] '파일을 찾을 수 없습니다.' -> 자동확인
2025-12-06 17:47:12,159 | INFO | [시도] 2715/3000
2025-12-06 17:47:12,664 | WARNING | [ALERT] '파일을 찾을 수 없습니다.' -> 자동확인
2025-12-06 17:47:12,984 | INFO | [시도] 2716/3000
2025-12-06 17:47:13,489 | WARNING | [ALERT] '파일을 찾을 수 없습니다.' -> 자동확인
2025-12-06 17:47:13,810 | INFO | [시도] 2717/3000
2025-12-06 17:47:14,329 | WARNING | [ALERT] '파일을 찾을 수 없습니다.' -> 자동확인
2025-12-06 17:47:14,650 | INFO | [시도] 2718/3000
2025-12-06 17:47:15,154 | WARNING | [ALERT] '파일을 찾을 수 없습니다.' -> 자동확인
2025-12-06 17:47:15,474 | INFO | [시도] 2719/3000
2025-12-06 17:47:15,994 | WARNING | [ALERT] '파일을 찾을 수 없습니다.' -> 자동확인
2025-12-06 17:47:16,314 | INFO | [시도] 2720/3000
2025-12-06 17:47:16,834 | WARNING | [ALERT] '파일을 찾을 수 없습니다.' -> 자동확인
2025-12-06 17:47:17,154 | INFO | [시도] 2721/3000
2025-12-06 17:47:17,659 | WARNING | [ALERT] '파일을 찾을 수 없습니다.' -> 자동확인
2025-12-06 17:47:17,979 | INFO | [시도] 2722/3000
2025-12-06 17:47:18,498 | WARNING | [ALERT] '파일을 찾을 수 없습니다.' -> 자동확인
2025-12-06 17:47:18,820 | INFO | [시도] 2723/3000
2025-12-06 17:47:19,338 | WARNING | [ALERT] '파일을 찾을 수 없습니다.' -> 자동확인
2025-12-06 17:47:19,660 | INFO | [시도] 2724/3000
2025-12-06 17:47:20,179 | WARNING | [ALERT] '파일을 찾을 수 없습니다.' -> 자동확인
2025-12-06 17:47:20,500 | INFO | [시도] 2725/3000
2025-12-06 17:47:21,019 | WARNING | [ALERT] '파일을 찾을 수 없습니다.' -> 자동확인
2025-12-06 17:47:21,340 | INFO | [시도] 2726/3000
2025-12-06 17:47:21,858 | WARNING | [ALERT] '파일을 찾을 수 없습니다.' -> 자동확인
2025-12-06 17:47:22,179 | INFO | [시도] 2727/3000
2025-12-06 17:47:22,684 | WARNING | [ALERT] '파일을 찾을 수 없습니다.' -> 자동확인
2025-12-06 17:47:23,004 | INFO | [시도] 2728/3000
2025-12-06 17:47:23,509 | WARNING | [ALERT] '파일을 찾을 수 없습니다.' -> 자동확인
2025-12-06 17:47:23,831 | INFO | [시도] 2729/3000
2025-12-06 17:47:24,349 | WARNING | [ALERT] '파일을 찾을 수 없습니다.' -> 자동확인
2025-12-06 17:47:24,670 | INFO | [시도] 2730/3000
2025-12-06 17:47:25,173 | WARNING | [ALERT] '파일을 찾을 수 없습니다.' -> 자동확인
2025-12-06 17:47:25,498 | INFO | [시도] 2731/3000
2025-12-06 17:47:26,014 | WARNING | [ALERT] '파일을 찾을 수 없습니다.' -> 자동확인
2025-12-06 17:47:26,334 | INFO | [시도] 2732/3000
2025-12-06 17:47:26,839 | WARNING | [ALERT] '파일을 찾을 수 없습니다.' -> 자동확인
2025-12-06 17:47:27,159 | INFO | [시도] 2733/3000
2025-12-06 17:47:27,663 | WARNING | [ALERT] '파일을 찾을 수 없습니다.' -> 자동확인
2025-12-06 17:47:27,984 | INFO | [시도] 2734/3000
2025-12-06 17:47:28,489 | WARNING | [ALERT] '파일을 찾을 수 없습니다.' -> 자동확인
2025-12-06 17:47:28,810 | INFO | [시도] 2735/3000
2025-12-06 17:47:29,329 | WARNING | [ALERT] '파일을 찾을 수 없습니다.' -> 자동확인
2025-12-06 17:47:29,649 | INFO | [시도] 2736/3000
2025-12-06 17:47:30,153 | WARNING | [ALERT] '파일을 찾을 수 없습니다.' -> 자동확인
2025-12-06 17:47:30,474 | INFO | [시도] 2737/3000
2025-12-06 17:47:30,994 | WARNING | [ALERT] '파일을 찾을 수 없습니다.' -> 자동확인
2025-12-06 17:47:31,330 | INFO | [시도] 2738/3000
2025-12-06 17:47:31,849 | WARNING | [ALERT] '파일을 찾을 수 없습니다.' -> 자동확인
2025-12-06 17:47:32,170 | INFO | [시도] 2739/3000
2025-12-06 17:47:32,689 | WARNING | [ALERT] '파일을 찾을 수 없습니다.' -> 자동확인
2025-12-06 17:47:33,010 | INFO | [시도] 2740/3000
2025-12-06 17:47:33,529 | WARNING | [ALERT] '파일을 찾을 수 없습니다.' -> 자동확인
2025-12-06 17:47:33,851 | INFO | [시도] 2741/3000
2025-12-06 17:47:34,369 | WARNING | [ALERT] '파일을 찾을 수 없습니다.' -> 자동확인
2025-12-06 17:47:34,690 | INFO | [시도] 2742/3000
2025-12-06 17:47:35,209 | WARNING | [ALERT] '파일을 찾을 수 없습니다.' -> 자동확인
2025-12-06 17:47:35,530 | INFO | [시도] 2743/3000
2025-12-06 17:47:36,049 | WARNING | [ALERT] '파일을 찾을 수 없습니다.' -> 자동확인
2025-12-06 17:47:36,369 | INFO | [시도] 2744/3000
2025-12-06 17:47:36,888 | WARNING | [ALERT] '파일을 찾을 수 없습니다.' -> 자동확인
2025-12-06 17:47:37,210 | INFO | [시도] 2745/3000
2025-12-06 17:47:37,714 | WARNING | [ALERT] '파일을 찾을 수 없습니다.' -> 자동확인
2025-12-06 17:47:38,034 | INFO | [시도] 2746/3000
2025-12-06 17:47:38,554 | WARNING | [ALERT] '파일을 찾을 수 없습니다.' -> 자동확인
2025-12-06 17:47:38,874 | INFO | [시도] 2747/3000
2025-12-06 17:47:39,379 | WARNING | [ALERT] '파일을 찾을 수 없습니다.' -> 자동확인
2025-12-06 17:47:39,699 | INFO | [시도] 2748/3000
2025-12-06 17:47:40,204 | WARNING | [ALERT] '파일을 찾을 수 없습니다.' -> 자동확인
2025-12-06 17:47:40,525 | INFO | [시도] 2749/3000
2025-12-06 17:47:41,044 | WARNING | [ALERT] '파일을 찾을 수 없습니다.' -> 자동확인
2025-12-06 17:47:41,364 | INFO | [시도] 2750/3000
2025-12-06 17:47:41,869 | WARNING | [ALERT] '파일을 찾을 수 없습니다.' -> 자동확인
2025-12-06 17:47:42,189 | INFO | [시도] 2751/3000
2025-12-06 17:47:42,694 | WARNING | [ALERT] '파일을 찾을 수 없습니다.' -> 자동확인
2025-12-06 17:47:43,014 | INFO | [시도] 2752/3000
2025-12-06 17:47:43,519 | WARNING | [ALERT] '파일을 찾을 수 없습니다.' -> 자동확인
2025-12-06 17:47:43,840 | INFO | [시도] 2753/3000
2025-12-06 17:47:44,358 | WARNING | [ALERT] '파일을 찾을 수 없습니다.' -> 자동확인
2025-12-06 17:47:44,679 | INFO | [시도] 2754/3000
2025-12-06 17:47:45,199 | WARNING | [ALERT] '파일을 찾을 수 없습니다.' -> 자동확인
2025-12-06 17:47:45,519 | INFO | [시도] 2755/3000
2025-12-06 17:47:46,024 | WARNING | [ALERT] '파일을 찾을 수 없습니다.' -> 자동확인
2025-12-06 17:47:46,346 | INFO | [시도] 2756/3000
2025-12-06 17:47:46,864 | WARNING | [ALERT] '파일을 찾을 수 없습니다.' -> 자동확인
2025-12-06 17:47:47,185 | INFO | [시도] 2757/3000
2025-12-06 17:47:47,703 | WARNING | [ALERT] '파일을 찾을 수 없습니다.' -> 자동확인
2025-12-06 17:47:48,024 | INFO | [시도] 2758/3000
2025-12-06 17:47:48,529 | WARNING | [ALERT] '파일을 찾을 수 없습니다.' -> 자동확인
2025-12-06 17:47:48,850 | INFO | [시도] 2759/3000
2025-12-06 17:47:49,369 | WARNING | [ALERT] '파일을 찾을 수 없습니다.' -> 자동확인
2025-12-06 17:47:49,690 | INFO | [시도] 2760/3000
2025-12-06 17:47:50,209 | WARNING | [ALERT] '파일을 찾을 수 없습니다.' -> 자동확인
2025-12-06 17:47:50,529 | INFO | [시도] 2761/3000
2025-12-06 17:47:51,034 | WARNING | [ALERT] '파일을 찾을 수 없습니다.' -> 자동확인
2025-12-06 17:47:51,354 | INFO | [시도] 2762/3000
2025-12-06 17:47:51,859 | WARNING | [ALERT] '파일을 찾을 수 없습니다.' -> 자동확인
2025-12-06 17:47:52,180 | INFO | [시도] 2763/3000
2025-12-06 17:47:52,683 | WARNING | [ALERT] '파일을 찾을 수 없습니다.' -> 자동확인
2025-12-06 17:47:53,004 | INFO | [시도] 2764/3000
2025-12-06 17:47:53,509 | WARNING | [ALERT] '파일을 찾을 수 없습니다.' -> 자동확인
2025-12-06 17:47:53,829 | INFO | [시도] 2765/3000
2025-12-06 17:47:54,333 | WARNING | [ALERT] '파일을 찾을 수 없습니다.' -> 자동확인
2025-12-06 17:47:54,654 | INFO | [시도] 2766/3000
2025-12-06 17:47:55,159 | WARNING | [ALERT] '파일을 찾을 수 없습니다.' -> 자동확인
2025-12-06 17:47:55,479 | INFO | [시도] 2767/3000
2025-12-06 17:47:55,999 | WARNING | [ALERT] '파일을 찾을 수 없습니다.' -> 자동확인
2025-12-06 17:47:56,319 | INFO | [시도] 2768/3000
2025-12-06 17:47:56,838 | WARNING | [ALERT] '파일을 찾을 수 없습니다.' -> 자동확인
2025-12-06 17:47:57,159 | INFO | [시도] 2769/3000
2025-12-06 17:47:57,663 | WARNING | [ALERT] '파일을 찾을 수 없습니다.' -> 자동확인
2025-12-06 17:47:57,984 | INFO | [시도] 2770/3000
2025-12-06 17:47:58,503 | WARNING | [ALERT] '파일을 찾을 수 없습니다.' -> 자동확인
2025-12-06 17:47:58,825 | INFO | [시도] 2771/3000
2025-12-06 17:47:59,329 | WARNING | [ALERT] '파일을 찾을 수 없습니다.' -> 자동확인
2025-12-06 17:47:59,649 | INFO | [시도] 2772/3000
2025-12-06 17:48:00,169 | WARNING | [ALERT] '파일을 찾을 수 없습니다.' -> 자동확인
2025-12-06 17:48:00,489 | INFO | [시도] 2773/3000
2025-12-06 17:48:01,009 | WARNING | [ALERT] '파일을 찾을 수 없습니다.' -> 자동확인
2025-12-06 17:48:01,329 | INFO | [시도] 2774/3000
2025-12-06 17:48:01,833 | WARNING | [ALERT] '파일을 찾을 수 없습니다.' -> 자동확인
2025-12-06 17:48:02,154 | INFO | [시도] 2775/3000
2025-12-06 17:48:02,659 | WARNING | [ALERT] '파일을 찾을 수 없습니다.' -> 자동확인
2025-12-06 17:48:02,980 | INFO | [시도] 2776/3000
2025-12-06 17:48:03,499 | WARNING | [ALERT] '파일을 찾을 수 없습니다.' -> 자동확인
2025-12-06 17:48:03,819 | INFO | [시도] 2777/3000
2025-12-06 17:48:04,324 | WARNING | [ALERT] '파일을 찾을 수 없습니다.' -> 자동확인
2025-12-06 17:48:04,644 | INFO | [시도] 2778/3000
2025-12-06 17:48:05,149 | WARNING | [ALERT] '파일을 찾을 수 없습니다.' -> 자동확인
2025-12-06 17:48:05,469 | INFO | [시도] 2779/3000
2025-12-06 17:48:05,974 | WARNING | [ALERT] '파일을 찾을 수 없습니다.' -> 자동확인
2025-12-06 17:48:06,294 | INFO | [시도] 2780/3000
2025-12-06 17:48:06,799 | WARNING | [ALERT] '파일을 찾을 수 없습니다.' -> 자동확인
2025-12-06 17:48:07,119 | INFO | [시도] 2781/3000
2025-12-06 17:48:07,624 | WARNING | [ALERT] '파일을 찾을 수 없습니다.' -> 자동확인
2025-12-06 17:48:07,944 | INFO | [시도] 2782/3000
2025-12-06 17:48:08,464 | WARNING | [ALERT] '파일을 찾을 수 없습니다.' -> 자동확인
2025-12-06 17:48:08,784 | INFO | [시도] 2783/3000
2025-12-06 17:48:09,304 | WARNING | [ALERT] '파일을 찾을 수 없습니다.' -> 자동확인
2025-12-06 17:48:09,624 | INFO | [시도] 2784/3000
2025-12-06 17:48:10,143 | WARNING | [ALERT] '파일을 찾을 수 없습니다.' -> 자동확인
2025-12-06 17:48:10,465 | INFO | [시도] 2785/3000
2025-12-06 17:48:10,984 | WARNING | [ALERT] '파일을 찾을 수 없습니다.' -> 자동확인
2025-12-06 17:48:11,305 | INFO | [시도] 2786/3000
2025-12-06 17:48:11,809 | WARNING | [ALERT] '파일을 찾을 수 없습니다.' -> 자동확인
2025-12-06 17:48:12,129 | INFO | [시도] 2787/3000
2025-12-06 17:48:12,634 | WARNING | [ALERT] '파일을 찾을 수 없습니다.' -> 자동확인
2025-12-06 17:48:12,955 | INFO | [시도] 2788/3000
2025-12-06 17:48:13,474 | WARNING | [ALERT] '파일을 찾을 수 없습니다.' -> 자동확인
2025-12-06 17:48:13,794 | INFO | [시도] 2789/3000
2025-12-06 17:48:14,299 | WARNING | [ALERT] '파일을 찾을 수 없습니다.' -> 자동확인
2025-12-06 17:48:14,619 | INFO | [시도] 2790/3000
2025-12-06 17:48:15,139 | WARNING | [ALERT] '파일을 찾을 수 없습니다.' -> 자동확인
2025-12-06 17:48:15,459 | INFO | [시도] 2791/3000
2025-12-06 17:48:15,964 | WARNING | [ALERT] '파일을 찾을 수 없습니다.' -> 자동확인
2025-12-06 17:48:16,284 | INFO | [시도] 2792/3000
2025-12-06 17:48:16,789 | WARNING | [ALERT] '파일을 찾을 수 없습니다.' -> 자동확인
2025-12-06 17:48:17,109 | INFO | [시도] 2793/3000
2025-12-06 17:48:17,614 | WARNING | [ALERT] '파일을 찾을 수 없습니다.' -> 자동확인
2025-12-06 17:48:17,935 | INFO | [시도] 2794/3000
2025-12-06 17:48:18,454 | WARNING | [ALERT] '파일을 찾을 수 없습니다.' -> 자동확인
2025-12-06 17:48:18,775 | INFO | [시도] 2795/3000
2025-12-06 17:48:19,279 | WARNING | [ALERT] '파일을 찾을 수 없습니다.' -> 자동확인
2025-12-06 17:48:19,599 | INFO | [시도] 2796/3000
2025-12-06 17:48:20,119 | WARNING | [ALERT] '파일을 찾을 수 없습니다.' -> 자동확인
2025-12-06 17:48:20,440 | INFO | [시도] 2797/3000
2025-12-06 17:48:20,944 | WARNING | [ALERT] '파일을 찾을 수 없습니다.' -> 자동확인
2025-12-06 17:48:21,264 | INFO | [시도] 2798/3000
2025-12-06 17:48:21,784 | WARNING | [ALERT] '파일을 찾을 수 없습니다.' -> 자동확인
2025-12-06 17:48:22,105 | INFO | [시도] 2799/3000
2025-12-06 17:48:22,624 | WARNING | [ALERT] '파일을 찾을 수 없습니다.' -> 자동확인
2025-12-06 17:48:22,945 | INFO | [시도] 2800/3000
2025-12-06 17:48:23,464 | WARNING | [ALERT] '파일을 찾을 수 없습니다.' -> 자동확인
2025-12-06 17:48:23,784 | INFO | [시도] 2801/3000
2025-12-06 17:48:24,289 | WARNING | [ALERT] '파일을 찾을 수 없습니다.' -> 자동확인
2025-12-06 17:48:24,609 | INFO | [시도] 2802/3000
2025-12-06 17:48:25,129 | WARNING | [ALERT] '파일을 찾을 수 없습니다.' -> 자동확인
2025-12-06 17:48:25,450 | INFO | [시도] 2803/3000
2025-12-06 17:48:25,969 | WARNING | [ALERT] '파일을 찾을 수 없습니다.' -> 자동확인
2025-12-06 17:48:26,289 | INFO | [시도] 2804/3000
2025-12-06 17:48:26,794 | WARNING | [ALERT] '파일을 찾을 수 없습니다.' -> 자동확인
2025-12-06 17:48:27,115 | INFO | [시도] 2805/3000
2025-12-06 17:48:27,619 | WARNING | [ALERT] '파일을 찾을 수 없습니다.' -> 자동확인
2025-12-06 17:48:27,940 | INFO | [시도] 2806/3000
2025-12-06 17:48:28,459 | WARNING | [ALERT] '파일을 찾을 수 없습니다.' -> 자동확인
2025-12-06 17:48:28,780 | INFO | [시도] 2807/3000
2025-12-06 17:48:29,284 | WARNING | [ALERT] '파일을 찾을 수 없습니다.' -> 자동확인
2025-12-06 17:48:29,605 | INFO | [시도] 2808/3000
2025-12-06 17:48:30,123 | WARNING | [ALERT] '파일을 찾을 수 없습니다.' -> 자동확인
2025-12-06 17:48:30,447 | INFO | [시도] 2809/3000
2025-12-06 17:48:30,964 | WARNING | [ALERT] '파일을 찾을 수 없습니다.' -> 자동확인
2025-12-06 17:48:31,284 | INFO | [시도] 2810/3000
2025-12-06 17:48:31,804 | WARNING | [ALERT] '파일을 찾을 수 없습니다.' -> 자동확인
2025-12-06 17:48:32,125 | INFO | [시도] 2811/3000
2025-12-06 17:48:32,644 | WARNING | [ALERT] '파일을 찾을 수 없습니다.' -> 자동확인
2025-12-06 17:48:32,965 | INFO | [시도] 2812/3000
2025-12-06 17:48:33,484 | WARNING | [ALERT] '파일을 찾을 수 없습니다.' -> 자동확인
2025-12-06 17:48:33,804 | INFO | [시도] 2813/3000
2025-12-06 17:48:34,324 | WARNING | [ALERT] '파일을 찾을 수 없습니다.' -> 자동확인
2025-12-06 17:48:34,645 | INFO | [시도] 2814/3000
2025-12-06 17:48:35,163 | WARNING | [ALERT] '파일을 찾을 수 없습니다.' -> 자동확인
2025-12-06 17:48:35,485 | INFO | [시도] 2815/3000
2025-12-06 17:48:35,988 | WARNING | [ALERT] '파일을 찾을 수 없습니다.' -> 자동확인
2025-12-06 17:48:36,310 | INFO | [시도] 2816/3000
2025-12-06 17:48:36,813 | WARNING | [ALERT] '파일을 찾을 수 없습니다.' -> 자동확인
2025-12-06 17:48:37,134 | INFO | [시도] 2817/3000
2025-12-06 17:48:37,639 | WARNING | [ALERT] '파일을 찾을 수 없습니다.' -> 자동확인
2025-12-06 17:48:37,959 | INFO | [시도] 2818/3000
2025-12-06 17:48:38,478 | WARNING | [ALERT] '파일을 찾을 수 없습니다.' -> 자동확인
2025-12-06 17:48:38,799 | INFO | [시도] 2819/3000
2025-12-06 17:48:39,304 | WARNING | [ALERT] '파일을 찾을 수 없습니다.' -> 자동확인
2025-12-06 17:48:39,625 | INFO | [시도] 2820/3000
2025-12-06 17:48:40,144 | WARNING | [ALERT] '파일을 찾을 수 없습니다.' -> 자동확인
2025-12-06 17:48:40,465 | INFO | [시도] 2821/3000
2025-12-06 17:48:40,984 | WARNING | [ALERT] '파일을 찾을 수 없습니다.' -> 자동확인
2025-12-06 17:48:41,304 | INFO | [시도] 2822/3000
2025-12-06 17:48:41,809 | WARNING | [ALERT] '파일을 찾을 수 없습니다.' -> 자동확인
2025-12-06 17:48:42,129 | INFO | [시도] 2823/3000
2025-12-06 17:48:42,649 | WARNING | [ALERT] '파일을 찾을 수 없습니다.' -> 자동확인
2025-12-06 17:48:42,969 | INFO | [시도] 2824/3000
2025-12-06 17:48:43,488 | WARNING | [ALERT] '파일을 찾을 수 없습니다.' -> 자동확인
2025-12-06 17:48:43,810 | INFO | [시도] 2825/3000
2025-12-06 17:48:44,314 | WARNING | [ALERT] '파일을 찾을 수 없습니다.' -> 자동확인
2025-12-06 17:48:44,635 | INFO | [시도] 2826/3000
2025-12-06 17:48:45,139 | WARNING | [ALERT] '파일을 찾을 수 없습니다.' -> 자동확인
2025-12-06 17:48:45,460 | INFO | [시도] 2827/3000
2025-12-06 17:48:45,964 | WARNING | [ALERT] '파일을 찾을 수 없습니다.' -> 자동확인
2025-12-06 17:48:46,284 | INFO | [시도] 2828/3000
2025-12-06 17:48:46,804 | WARNING | [ALERT] '파일을 찾을 수 없습니다.' -> 자동확인
2025-12-06 17:48:47,124 | INFO | [시도] 2829/3000
2025-12-06 17:48:47,628 | WARNING | [ALERT] '파일을 찾을 수 없습니다.' -> 자동확인
2025-12-06 17:48:47,949 | INFO | [시도] 2830/3000
2025-12-06 17:48:48,454 | WARNING | [ALERT] '파일을 찾을 수 없습니다.' -> 자동확인
2025-12-06 17:48:48,774 | INFO | [시도] 2831/3000
2025-12-06 17:48:49,279 | WARNING | [ALERT] '파일을 찾을 수 없습니다.' -> 자동확인
2025-12-06 17:48:49,599 | INFO | [시도] 2832/3000
2025-12-06 17:48:50,104 | WARNING | [ALERT] '파일을 찾을 수 없습니다.' -> 자동확인
2025-12-06 17:48:50,425 | INFO | [시도] 2833/3000
2025-12-06 17:48:50,929 | WARNING | [ALERT] '파일을 찾을 수 없습니다.' -> 자동확인
2025-12-06 17:48:51,249 | INFO | [시도] 2834/3000
2025-12-06 17:48:51,754 | WARNING | [ALERT] '파일을 찾을 수 없습니다.' -> 자동확인
2025-12-06 17:48:52,074 | INFO | [시도] 2835/3000
2025-12-06 17:48:52,594 | WARNING | [ALERT] '파일을 찾을 수 없습니다.' -> 자동확인
2025-12-06 17:48:52,914 | INFO | [시도] 2836/3000
2025-12-06 17:48:53,419 | WARNING | [ALERT] '파일을 찾을 수 없습니다.' -> 자동확인
2025-12-06 17:48:53,739 | INFO | [시도] 2837/3000
2025-12-06 17:48:54,259 | WARNING | [ALERT] '파일을 찾을 수 없습니다.' -> 자동확인
2025-12-06 17:48:54,581 | INFO | [시도] 2838/3000
2025-12-06 17:48:55,099 | WARNING | [ALERT] '파일을 찾을 수 없습니다.' -> 자동확인
2025-12-06 17:48:55,419 | INFO | [시도] 2839/3000
2025-12-06 17:48:55,939 | WARNING | [ALERT] '파일을 찾을 수 없습니다.' -> 자동확인
2025-12-06 17:48:56,260 | INFO | [시도] 2840/3000
2025-12-06 17:48:56,779 | WARNING | [ALERT] '파일을 찾을 수 없습니다.' -> 자동확인
2025-12-06 17:48:57,099 | INFO | [시도] 2841/3000
2025-12-06 17:48:57,604 | WARNING | [ALERT] '파일을 찾을 수 없습니다.' -> 자동확인
2025-12-06 17:48:57,925 | INFO | [시도] 2842/3000
2025-12-06 17:48:58,444 | WARNING | [ALERT] '파일을 찾을 수 없습니다.' -> 자동확인
2025-12-06 17:48:58,764 | INFO | [시도] 2843/3000
2025-12-06 17:48:59,269 | WARNING | [ALERT] '파일을 찾을 수 없습니다.' -> 자동확인
2025-12-06 17:48:59,590 | INFO | [시도] 2844/3000
2025-12-06 17:49:00,109 | WARNING | [ALERT] '파일을 찾을 수 없습니다.' -> 자동확인
2025-12-06 17:49:00,429 | INFO | [시도] 2845/3000
2025-12-06 17:49:00,949 | WARNING | [ALERT] '파일을 찾을 수 없습니다.' -> 자동확인
2025-12-06 17:49:01,270 | INFO | [시도] 2846/3000
2025-12-06 17:49:01,789 | WARNING | [ALERT] '파일을 찾을 수 없습니다.' -> 자동확인
2025-12-06 17:49:02,110 | INFO | [시도] 2847/3000
2025-12-06 17:49:02,628 | WARNING | [ALERT] '파일을 찾을 수 없습니다.' -> 자동확인
2025-12-06 17:49:02,949 | INFO | [시도] 2848/3000
2025-12-06 17:49:03,454 | WARNING | [ALERT] '파일을 찾을 수 없습니다.' -> 자동확인
2025-12-06 17:49:03,774 | INFO | [시도] 2849/3000
2025-12-06 17:49:04,278 | WARNING | [ALERT] '파일을 찾을 수 없습니다.' -> 자동확인
2025-12-06 17:49:04,599 | INFO | [시도] 2850/3000
2025-12-06 17:49:05,104 | WARNING | [ALERT] '파일을 찾을 수 없습니다.' -> 자동확인
2025-12-06 17:49:05,425 | INFO | [시도] 2851/3000
2025-12-06 17:49:05,944 | WARNING | [ALERT] '파일을 찾을 수 없습니다.' -> 자동확인
2025-12-06 17:49:06,265 | INFO | [시도] 2852/3000
2025-12-06 17:49:06,784 | WARNING | [ALERT] '파일을 찾을 수 없습니다.' -> 자동확인
2025-12-06 17:49:07,104 | INFO | [시도] 2853/3000
2025-12-06 17:49:07,624 | WARNING | [ALERT] '파일을 찾을 수 없습니다.' -> 자동확인
2025-12-06 17:49:07,945 | INFO | [시도] 2854/3000
2025-12-06 17:49:08,464 | WARNING | [ALERT] '파일을 찾을 수 없습니다.' -> 자동확인
2025-12-06 17:49:08,785 | INFO | [시도] 2855/3000
2025-12-06 17:49:09,289 | WARNING | [ALERT] '파일을 찾을 수 없습니다.' -> 자동확인
2025-12-06 17:49:09,609 | INFO | [시도] 2856/3000
2025-12-06 17:49:10,113 | WARNING | [ALERT] '파일을 찾을 수 없습니다.' -> 자동확인
2025-12-06 17:49:10,435 | INFO | [시도] 2857/3000
2025-12-06 17:49:10,938 | WARNING | [ALERT] '파일을 찾을 수 없습니다.' -> 자동확인
2025-12-06 17:49:11,260 | INFO | [시도] 2858/3000
2025-12-06 17:49:11,764 | WARNING | [ALERT] '파일을 찾을 수 없습니다.' -> 자동확인
2025-12-06 17:49:12,084 | INFO | [시도] 2859/3000
2025-12-06 17:49:12,604 | WARNING | [ALERT] '파일을 찾을 수 없습니다.' -> 자동확인
2025-12-06 17:49:12,924 | INFO | [시도] 2860/3000
2025-12-06 17:49:13,429 | WARNING | [ALERT] '파일을 찾을 수 없습니다.' -> 자동확인
2025-12-06 17:49:13,749 | INFO | [시도] 2861/3000
2025-12-06 17:49:14,254 | WARNING | [ALERT] '파일을 찾을 수 없습니다.' -> 자동확인
2025-12-06 17:49:14,575 | INFO | [시도] 2862/3000
2025-12-06 17:49:15,079 | WARNING | [ALERT] '파일을 찾을 수 없습니다.' -> 자동확인
2025-12-06 17:49:15,400 | INFO | [시도] 2863/3000
2025-12-06 17:49:15,904 | WARNING | [ALERT] '파일을 찾을 수 없습니다.' -> 자동확인
2025-12-06 17:49:16,225 | INFO | [시도] 2864/3000
2025-12-06 17:49:16,729 | WARNING | [ALERT] '파일을 찾을 수 없습니다.' -> 자동확인
2025-12-06 17:49:17,049 | INFO | [시도] 2865/3000
2025-12-06 17:49:17,554 | WARNING | [ALERT] '파일을 찾을 수 없습니다.' -> 자동확인
2025-12-06 17:49:17,876 | INFO | [시도] 2866/3000
2025-12-06 17:49:18,394 | WARNING | [ALERT] '파일을 찾을 수 없습니다.' -> 자동확인
2025-12-06 17:49:18,715 | INFO | [시도] 2867/3000
2025-12-06 17:49:19,234 | WARNING | [ALERT] '파일을 찾을 수 없습니다.' -> 자동확인
2025-12-06 17:49:19,554 | INFO | [시도] 2868/3000
2025-12-06 17:49:20,059 | WARNING | [ALERT] '파일을 찾을 수 없습니다.' -> 자동확인
2025-12-06 17:49:20,379 | INFO | [시도] 2869/3000
2025-12-06 17:49:20,898 | WARNING | [ALERT] '파일을 찾을 수 없습니다.' -> 자동확인
2025-12-06 17:49:21,219 | INFO | [시도] 2870/3000
2025-12-06 17:49:21,739 | WARNING | [ALERT] '파일을 찾을 수 없습니다.' -> 자동확인
2025-12-06 17:49:22,059 | INFO | [시도] 2871/3000
2025-12-06 17:49:22,578 | WARNING | [ALERT] '파일을 찾을 수 없습니다.' -> 자동확인
2025-12-06 17:49:22,899 | INFO | [시도] 2872/3000
2025-12-06 17:49:23,419 | WARNING | [ALERT] '파일을 찾을 수 없습니다.' -> 자동확인
2025-12-06 17:49:23,740 | INFO | [시도] 2873/3000
2025-12-06 17:49:24,259 | WARNING | [ALERT] '파일을 찾을 수 없습니다.' -> 자동확인
2025-12-06 17:49:24,579 | INFO | [시도] 2874/3000
2025-12-06 17:49:25,083 | WARNING | [ALERT] '파일을 찾을 수 없습니다.' -> 자동확인
2025-12-06 17:49:25,404 | INFO | [시도] 2875/3000
2025-12-06 17:49:25,924 | WARNING | [ALERT] '파일을 찾을 수 없습니다.' -> 자동확인
2025-12-06 17:49:26,244 | INFO | [시도] 2876/3000
2025-12-06 17:49:26,764 | WARNING | [ALERT] '파일을 찾을 수 없습니다.' -> 자동확인
2025-12-06 17:49:27,084 | INFO | [시도] 2877/3000
2025-12-06 17:49:27,589 | WARNING | [ALERT] '파일을 찾을 수 없습니다.' -> 자동확인
2025-12-06 17:49:27,910 | INFO | [시도] 2878/3000
2025-12-06 17:49:28,429 | WARNING | [ALERT] '파일을 찾을 수 없습니다.' -> 자동확인
2025-12-06 17:49:28,753 | INFO | [시도] 2879/3000
2025-12-06 17:49:29,268 | WARNING | [ALERT] '파일을 찾을 수 없습니다.' -> 자동확인
2025-12-06 17:49:29,590 | INFO | [시도] 2880/3000
2025-12-06 17:49:30,109 | WARNING | [ALERT] '파일을 찾을 수 없습니다.' -> 자동확인
2025-12-06 17:49:30,430 | INFO | [시도] 2881/3000
2025-12-06 17:49:30,934 | WARNING | [ALERT] '파일을 찾을 수 없습니다.' -> 자동확인
2025-12-06 17:49:31,256 | INFO | [시도] 2882/3000
2025-12-06 17:49:31,773 | WARNING | [ALERT] '파일을 찾을 수 없습니다.' -> 자동확인
2025-12-06 17:49:32,094 | INFO | [시도] 2883/3000
2025-12-06 17:49:32,599 | WARNING | [ALERT] '파일을 찾을 수 없습니다.' -> 자동확인
2025-12-06 17:49:32,919 | INFO | [시도] 2884/3000
2025-12-06 17:49:33,439 | WARNING | [ALERT] '파일을 찾을 수 없습니다.' -> 자동확인
2025-12-06 17:49:33,759 | INFO | [시도] 2885/3000
2025-12-06 17:49:34,264 | WARNING | [ALERT] '파일을 찾을 수 없습니다.' -> 자동확인
2025-12-06 17:49:34,584 | INFO | [시도] 2886/3000
2025-12-06 17:49:35,103 | WARNING | [ALERT] '파일을 찾을 수 없습니다.' -> 자동확인
2025-12-06 17:49:35,424 | INFO | [시도] 2887/3000
2025-12-06 17:49:35,929 | WARNING | [ALERT] '파일을 찾을 수 없습니다.' -> 자동확인
2025-12-06 17:49:36,249 | INFO | [시도] 2888/3000
2025-12-06 17:49:36,753 | WARNING | [ALERT] '파일을 찾을 수 없습니다.' -> 자동확인
2025-12-06 17:49:37,075 | INFO | [시도] 2889/3000
2025-12-06 17:49:37,594 | WARNING | [ALERT] '파일을 찾을 수 없습니다.' -> 자동확인
2025-12-06 17:49:37,914 | INFO | [시도] 2890/3000
2025-12-06 17:49:38,419 | WARNING | [ALERT] '파일을 찾을 수 없습니다.' -> 자동확인
2025-12-06 17:49:38,739 | INFO | [시도] 2891/3000
2025-12-06 17:49:39,259 | WARNING | [ALERT] '파일을 찾을 수 없습니다.' -> 자동확인
2025-12-06 17:49:39,579 | INFO | [시도] 2892/3000
2025-12-06 17:49:40,084 | WARNING | [ALERT] '파일을 찾을 수 없습니다.' -> 자동확인
2025-12-06 17:49:40,405 | INFO | [시도] 2893/3000
2025-12-06 17:49:40,924 | WARNING | [ALERT] '파일을 찾을 수 없습니다.' -> 자동확인
2025-12-06 17:49:41,244 | INFO | [시도] 2894/3000
2025-12-06 17:49:41,749 | WARNING | [ALERT] '파일을 찾을 수 없습니다.' -> 자동확인
2025-12-06 17:49:42,070 | INFO | [시도] 2895/3000
2025-12-06 17:49:42,589 | WARNING | [ALERT] '파일을 찾을 수 없습니다.' -> 자동확인
2025-12-06 17:49:42,909 | INFO | [시도] 2896/3000
2025-12-06 17:49:43,429 | WARNING | [ALERT] '파일을 찾을 수 없습니다.' -> 자동확인
2025-12-06 17:49:43,751 | INFO | [시도] 2897/3000
2025-12-06 17:49:44,268 | WARNING | [ALERT] '파일을 찾을 수 없습니다.' -> 자동확인
2025-12-06 17:49:44,589 | INFO | [시도] 2898/3000
2025-12-06 17:49:45,094 | WARNING | [ALERT] '파일을 찾을 수 없습니다.' -> 자동확인
2025-12-06 17:49:45,414 | INFO | [시도] 2899/3000
2025-12-06 17:49:45,919 | WARNING | [ALERT] '파일을 찾을 수 없습니다.' -> 자동확인
2025-12-06 17:49:46,239 | INFO | [시도] 2900/3000
2025-12-06 17:49:46,744 | WARNING | [ALERT] '파일을 찾을 수 없습니다.' -> 자동확인
2025-12-06 17:49:47,064 | INFO | [시도] 2901/3000
2025-12-06 17:49:47,569 | WARNING | [ALERT] '파일을 찾을 수 없습니다.' -> 자동확인
2025-12-06 17:49:47,889 | INFO | [시도] 2902/3000
2025-12-06 17:49:48,394 | WARNING | [ALERT] '파일을 찾을 수 없습니다.' -> 자동확인
2025-12-06 17:49:48,716 | INFO | [시도] 2903/3000
2025-12-06 17:49:49,233 | WARNING | [ALERT] '파일을 찾을 수 없습니다.' -> 자동확인
2025-12-06 17:49:49,555 | INFO | [시도] 2904/3000
2025-12-06 17:49:50,074 | WARNING | [ALERT] '파일을 찾을 수 없습니다.' -> 자동확인
2025-12-06 17:49:50,394 | INFO | [시도] 2905/3000
2025-12-06 17:49:50,914 | WARNING | [ALERT] '파일을 찾을 수 없습니다.' -> 자동확인
2025-12-06 17:49:51,234 | INFO | [시도] 2906/3000
2025-12-06 17:49:51,754 | WARNING | [ALERT] '파일을 찾을 수 없습니다.' -> 자동확인
2025-12-06 17:49:52,076 | INFO | [시도] 2907/3000
2025-12-06 17:49:52,594 | WARNING | [ALERT] '파일을 찾을 수 없습니다.' -> 자동확인
2025-12-06 17:49:52,914 | INFO | [시도] 2908/3000
2025-12-06 17:49:53,419 | WARNING | [ALERT] '파일을 찾을 수 없습니다.' -> 자동확인
2025-12-06 17:49:53,740 | INFO | [시도] 2909/3000
2025-12-06 17:49:54,259 | WARNING | [ALERT] '파일을 찾을 수 없습니다.' -> 자동확인
2025-12-06 17:49:54,579 | INFO | [시도] 2910/3000
2025-12-06 17:49:55,099 | WARNING | [ALERT] '파일을 찾을 수 없습니다.' -> 자동확인
2025-12-06 17:49:55,419 | INFO | [시도] 2911/3000
2025-12-06 17:49:55,924 | WARNING | [ALERT] '파일을 찾을 수 없습니다.' -> 자동확인
2025-12-06 17:49:56,245 | INFO | [시도] 2912/3000
2025-12-06 17:49:56,763 | WARNING | [ALERT] '파일을 찾을 수 없습니다.' -> 자동확인
2025-12-06 17:49:57,085 | INFO | [시도] 2913/3000
2025-12-06 17:49:57,604 | WARNING | [ALERT] '파일을 찾을 수 없습니다.' -> 자동확인
2025-12-06 17:49:57,924 | INFO | [시도] 2914/3000
2025-12-06 17:49:58,429 | WARNING | [ALERT] '파일을 찾을 수 없습니다.' -> 자동확인
2025-12-06 17:49:58,749 | INFO | [시도] 2915/3000
2025-12-06 17:49:59,254 | WARNING | [ALERT] '파일을 찾을 수 없습니다.' -> 자동확인
2025-12-06 17:49:59,574 | INFO | [시도] 2916/3000
2025-12-06 17:50:00,093 | WARNING | [ALERT] '파일을 찾을 수 없습니다.' -> 자동확인
2025-12-06 17:50:00,414 | INFO | [시도] 2917/3000
2025-12-06 17:50:00,934 | WARNING | [ALERT] '파일을 찾을 수 없습니다.' -> 자동확인
2025-12-06 17:50:01,254 | INFO | [시도] 2918/3000
2025-12-06 17:50:01,774 | WARNING | [ALERT] '파일을 찾을 수 없습니다.' -> 자동확인
2025-12-06 17:50:02,095 | INFO | [시도] 2919/3000
2025-12-06 17:50:02,599 | WARNING | [ALERT] '파일을 찾을 수 없습니다.' -> 자동확인
2025-12-06 17:50:02,920 | INFO | [시도] 2920/3000
2025-12-06 17:50:03,439 | WARNING | [ALERT] '파일을 찾을 수 없습니다.' -> 자동확인
2025-12-06 17:50:03,760 | INFO | [시도] 2921/3000
2025-12-06 17:50:04,279 | WARNING | [ALERT] '파일을 찾을 수 없습니다.' -> 자동확인
2025-12-06 17:50:04,599 | INFO | [시도] 2922/3000
2025-12-06 17:50:05,104 | WARNING | [ALERT] '파일을 찾을 수 없습니다.' -> 자동확인
2025-12-06 17:50:05,424 | INFO | [시도] 2923/3000
2025-12-06 17:50:05,929 | WARNING | [ALERT] '파일을 찾을 수 없습니다.' -> 자동확인
2025-12-06 17:50:06,249 | INFO | [시도] 2924/3000
2025-12-06 17:50:06,754 | WARNING | [ALERT] '파일을 찾을 수 없습니다.' -> 자동확인
2025-12-06 17:50:07,074 | INFO | [시도] 2925/3000
2025-12-06 17:50:07,579 | WARNING | [ALERT] '파일을 찾을 수 없습니다.' -> 자동확인
2025-12-06 17:50:07,899 | INFO | [시도] 2926/3000
2025-12-06 17:50:08,419 | WARNING | [ALERT] '파일을 찾을 수 없습니다.' -> 자동확인
2025-12-06 17:50:08,740 | INFO | [시도] 2927/3000
2025-12-06 17:50:09,259 | WARNING | [ALERT] '파일을 찾을 수 없습니다.' -> 자동확인
2025-12-06 17:50:09,580 | INFO | [시도] 2928/3000
2025-12-06 17:50:10,099 | WARNING | [ALERT] '파일을 찾을 수 없습니다.' -> 자동확인
2025-12-06 17:50:10,420 | INFO | [시도] 2929/3000
2025-12-06 17:50:10,938 | WARNING | [ALERT] '파일을 찾을 수 없습니다.' -> 자동확인
2025-12-06 17:50:11,259 | INFO | [시도] 2930/3000
2025-12-06 17:50:11,763 | WARNING | [ALERT] '파일을 찾을 수 없습니다.' -> 자동확인
2025-12-06 17:50:12,084 | INFO | [시도] 2931/3000
2025-12-06 17:50:12,604 | WARNING | [ALERT] '파일을 찾을 수 없습니다.' -> 자동확인
2025-12-06 17:50:12,924 | INFO | [시도] 2932/3000
2025-12-06 17:50:13,429 | WARNING | [ALERT] '파일을 찾을 수 없습니다.' -> 자동확인
2025-12-06 17:50:13,749 | INFO | [시도] 2933/3000
2025-12-06 17:50:14,269 | WARNING | [ALERT] '파일을 찾을 수 없습니다.' -> 자동확인
2025-12-06 17:50:14,590 | INFO | [시도] 2934/3000
2025-12-06 17:50:15,109 | WARNING | [ALERT] '파일을 찾을 수 없습니다.' -> 자동확인
2025-12-06 17:50:15,429 | INFO | [시도] 2935/3000
2025-12-06 17:50:15,934 | WARNING | [ALERT] '파일을 찾을 수 없습니다.' -> 자동확인
2025-12-06 17:50:16,255 | INFO | [시도] 2936/3000
2025-12-06 17:50:16,774 | WARNING | [ALERT] '파일을 찾을 수 없습니다.' -> 자동확인
2025-12-06 17:50:17,095 | INFO | [시도] 2937/3000
2025-12-06 17:50:17,613 | WARNING | [ALERT] '파일을 찾을 수 없습니다.' -> 자동확인
2025-12-06 17:50:17,935 | INFO | [시도] 2938/3000
2025-12-06 17:50:18,454 | WARNING | [ALERT] '파일을 찾을 수 없습니다.' -> 자동확인
2025-12-06 17:50:18,774 | INFO | [시도] 2939/3000
2025-12-06 17:50:19,279 | WARNING | [ALERT] '파일을 찾을 수 없습니다.' -> 자동확인
2025-12-06 17:50:19,599 | INFO | [시도] 2940/3000
2025-12-06 17:50:20,104 | WARNING | [ALERT] '파일을 찾을 수 없습니다.' -> 자동확인
2025-12-06 17:50:20,424 | INFO | [시도] 2941/3000
2025-12-06 17:50:20,929 | WARNING | [ALERT] '파일을 찾을 수 없습니다.' -> 자동확인
2025-12-06 17:50:21,250 | INFO | [시도] 2942/3000
2025-12-06 17:50:21,754 | WARNING | [ALERT] '파일을 찾을 수 없습니다.' -> 자동확인
2025-12-06 17:50:22,075 | INFO | [시도] 2943/3000
2025-12-06 17:50:22,579 | WARNING | [ALERT] '파일을 찾을 수 없습니다.' -> 자동확인
2025-12-06 17:50:22,900 | INFO | [시도] 2944/3000
2025-12-06 17:50:23,419 | WARNING | [ALERT] '파일을 찾을 수 없습니다.' -> 자동확인
2025-12-06 17:50:23,740 | INFO | [시도] 2945/3000
2025-12-06 17:50:24,259 | WARNING | [ALERT] '파일을 찾을 수 없습니다.' -> 자동확인
2025-12-06 17:50:24,579 | INFO | [시도] 2946/3000
2025-12-06 17:50:25,099 | WARNING | [ALERT] '파일을 찾을 수 없습니다.' -> 자동확인
2025-12-06 17:50:25,420 | INFO | [시도] 2947/3000
2025-12-06 17:50:25,939 | WARNING | [ALERT] '파일을 찾을 수 없습니다.' -> 자동확인
2025-12-06 17:50:26,259 | INFO | [시도] 2948/3000
2025-12-06 17:50:26,779 | WARNING | [ALERT] '파일을 찾을 수 없습니다.' -> 자동확인
2025-12-06 17:50:27,100 | INFO | [시도] 2949/3000
2025-12-06 17:50:27,619 | WARNING | [ALERT] '파일을 찾을 수 없습니다.' -> 자동확인
2025-12-06 17:50:27,939 | INFO | [시도] 2950/3000
2025-12-06 17:50:28,459 | WARNING | [ALERT] '파일을 찾을 수 없습니다.' -> 자동확인
2025-12-06 17:50:28,779 | INFO | [시도] 2951/3000
2025-12-06 17:50:29,284 | WARNING | [ALERT] '파일을 찾을 수 없습니다.' -> 자동확인
2025-12-06 17:50:29,609 | INFO | [시도] 2952/3000
2025-12-06 17:50:30,125 | WARNING | [ALERT] '파일을 찾을 수 없습니다.' -> 자동확인
2025-12-06 17:50:30,460 | INFO | [시도] 2953/3000
2025-12-06 17:50:30,978 | WARNING | [ALERT] '파일을 찾을 수 없습니다.' -> 자동확인
2025-12-06 17:50:31,299 | INFO | [시도] 2954/3000
2025-12-06 17:50:31,804 | WARNING | [ALERT] '파일을 찾을 수 없습니다.' -> 자동확인
2025-12-06 17:50:32,124 | INFO | [시도] 2955/3000
2025-12-06 17:50:32,629 | WARNING | [ALERT] '파일을 찾을 수 없습니다.' -> 자동확인
2025-12-06 17:50:32,949 | INFO | [시도] 2956/3000
2025-12-06 17:50:33,469 | WARNING | [ALERT] '파일을 찾을 수 없습니다.' -> 자동확인
2025-12-06 17:50:33,790 | INFO | [시도] 2957/3000
2025-12-06 17:50:34,309 | WARNING | [ALERT] '파일을 찾을 수 없습니다.' -> 자동확인
2025-12-06 17:50:34,629 | INFO | [시도] 2958/3000
2025-12-06 17:50:35,148 | WARNING | [ALERT] '파일을 찾을 수 없습니다.' -> 자동확인
2025-12-06 17:50:35,469 | INFO | [시도] 2959/3000
2025-12-06 17:50:35,989 | WARNING | [ALERT] '파일을 찾을 수 없습니다.' -> 자동확인
2025-12-06 17:50:36,310 | INFO | [시도] 2960/3000
2025-12-06 17:50:36,814 | WARNING | [ALERT] '파일을 찾을 수 없습니다.' -> 자동확인
2025-12-06 17:50:37,134 | INFO | [시도] 2961/3000
2025-12-06 17:50:37,653 | WARNING | [ALERT] '파일을 찾을 수 없습니다.' -> 자동확인
2025-12-06 17:50:37,974 | INFO | [시도] 2962/3000
2025-12-06 17:50:38,479 | WARNING | [ALERT] '파일을 찾을 수 없습니다.' -> 자동확인
2025-12-06 17:50:38,799 | INFO | [시도] 2963/3000
2025-12-06 17:50:39,319 | WARNING | [ALERT] '파일을 찾을 수 없습니다.' -> 자동확인
2025-12-06 17:50:39,639 | INFO | [시도] 2964/3000
2025-12-06 17:50:40,143 | WARNING | [ALERT] '파일을 찾을 수 없습니다.' -> 자동확인
2025-12-06 17:50:40,465 | INFO | [시도] 2965/3000
2025-12-06 17:50:40,969 | WARNING | [ALERT] '파일을 찾을 수 없습니다.' -> 자동확인
2025-12-06 17:50:41,289 | INFO | [시도] 2966/3000
2025-12-06 17:50:41,794 | WARNING | [ALERT] '파일을 찾을 수 없습니다.' -> 자동확인
2025-12-06 17:50:42,114 | INFO | [시도] 2967/3000
2025-12-06 17:50:42,619 | WARNING | [ALERT] '파일을 찾을 수 없습니다.' -> 자동확인
2025-12-06 17:50:42,940 | INFO | [시도] 2968/3000
2025-12-06 17:50:43,444 | WARNING | [ALERT] '파일을 찾을 수 없습니다.' -> 자동확인
2025-12-06 17:50:43,764 | INFO | [시도] 2969/3000
2025-12-06 17:50:44,284 | WARNING | [ALERT] '파일을 찾을 수 없습니다.' -> 자동확인
2025-12-06 17:50:44,604 | INFO | [시도] 2970/3000
2025-12-06 17:50:45,124 | WARNING | [ALERT] '파일을 찾을 수 없습니다.' -> 자동확인
2025-12-06 17:50:45,445 | INFO | [시도] 2971/3000
2025-12-06 17:50:45,964 | WARNING | [ALERT] '파일을 찾을 수 없습니다.' -> 자동확인
2025-12-06 17:50:46,286 | INFO | [시도] 2972/3000
2025-12-06 17:50:46,804 | WARNING | [ALERT] '파일을 찾을 수 없습니다.' -> 자동확인
2025-12-06 17:50:47,124 | INFO | [시도] 2973/3000
2025-12-06 17:50:47,629 | WARNING | [ALERT] '파일을 찾을 수 없습니다.' -> 자동확인
2025-12-06 17:50:47,949 | INFO | [시도] 2974/3000
2025-12-06 17:50:48,469 | WARNING | [ALERT] '파일을 찾을 수 없습니다.' -> 자동확인
2025-12-06 17:50:48,790 | INFO | [시도] 2975/3000
2025-12-06 17:50:49,294 | WARNING | [ALERT] '파일을 찾을 수 없습니다.' -> 자동확인
2025-12-06 17:50:49,614 | INFO | [시도] 2976/3000
2025-12-06 17:50:50,134 | WARNING | [ALERT] '파일을 찾을 수 없습니다.' -> 자동확인
2025-12-06 17:50:50,454 | INFO | [시도] 2977/3000
2025-12-06 17:50:50,974 | WARNING | [ALERT] '파일을 찾을 수 없습니다.' -> 자동확인
2025-12-06 17:50:51,294 | INFO | [시도] 2978/3000
2025-12-06 17:50:51,799 | WARNING | [ALERT] '파일을 찾을 수 없습니다.' -> 자동확인
2025-12-06 17:50:52,122 | INFO | [시도] 2979/3000
2025-12-06 17:50:52,638 | WARNING | [ALERT] '파일을 찾을 수 없습니다.' -> 자동확인
2025-12-06 17:50:52,960 | INFO | [시도] 2980/3000
2025-12-06 17:50:53,479 | WARNING | [ALERT] '파일을 찾을 수 없습니다.' -> 자동확인
2025-12-06 17:50:53,800 | INFO | [시도] 2981/3000
2025-12-06 17:50:54,319 | WARNING | [ALERT] '파일을 찾을 수 없습니다.' -> 자동확인
2025-12-06 17:50:54,639 | INFO | [시도] 2982/3000
2025-12-06 17:50:55,158 | WARNING | [ALERT] '파일을 찾을 수 없습니다.' -> 자동확인
2025-12-06 17:50:55,479 | INFO | [시도] 2983/3000
2025-12-06 17:50:55,984 | WARNING | [ALERT] '파일을 찾을 수 없습니다.' -> 자동확인
2025-12-06 17:50:56,304 | INFO | [시도] 2984/3000
2025-12-06 17:50:56,809 | WARNING | [ALERT] '파일을 찾을 수 없습니다.' -> 자동확인
2025-12-06 17:50:57,129 | INFO | [시도] 2985/3000
2025-12-06 17:50:57,634 | WARNING | [ALERT] '파일을 찾을 수 없습니다.' -> 자동확인
2025-12-06 17:50:57,954 | INFO | [시도] 2986/3000
2025-12-06 17:50:58,459 | WARNING | [ALERT] '파일을 찾을 수 없습니다.' -> 자동확인
2025-12-06 17:50:58,779 | INFO | [시도] 2987/3000
2025-12-06 17:50:59,284 | WARNING | [ALERT] '파일을 찾을 수 없습니다.' -> 자동확인
2025-12-06 17:50:59,604 | INFO | [시도] 2988/3000
2025-12-06 17:51:00,124 | WARNING | [ALERT] '파일을 찾을 수 없습니다.' -> 자동확인
2025-12-06 17:51:00,445 | INFO | [시도] 2989/3000
2025-12-06 17:51:00,964 | WARNING | [ALERT] '파일을 찾을 수 없습니다.' -> 자동확인
2025-12-06 17:51:01,284 | INFO | [시도] 2990/3000
2025-12-06 17:51:01,788 | WARNING | [ALERT] '파일을 찾을 수 없습니다.' -> 자동확인
2025-12-06 17:51:02,110 | INFO | [시도] 2991/3000
2025-12-06 17:51:02,614 | WARNING | [ALERT] '파일을 찾을 수 없습니다.' -> 자동확인
2025-12-06 17:51:02,935 | INFO | [시도] 2992/3000
2025-12-06 17:51:03,454 | WARNING | [ALERT] '파일을 찾을 수 없습니다.' -> 자동확인
2025-12-06 17:51:03,774 | INFO | [시도] 2993/3000
2025-12-06 17:51:04,279 | WARNING | [ALERT] '파일을 찾을 수 없습니다.' -> 자동확인
2025-12-06 17:51:04,599 | INFO | [시도] 2994/3000
2025-12-06 17:51:05,118 | WARNING | [ALERT] '파일을 찾을 수 없습니다.' -> 자동확인
2025-12-06 17:51:05,439 | INFO | [시도] 2995/3000
2025-12-06 17:51:05,959 | WARNING | [ALERT] '파일을 찾을 수 없습니다.' -> 자동확인
2025-12-06 17:51:06,279 | INFO | [시도] 2996/3000
2025-12-06 17:51:06,799 | WARNING | [ALERT] '파일을 찾을 수 없습니다.' -> 자동확인
2025-12-06 17:51:07,120 | INFO | [시도] 2997/3000
2025-12-06 17:51:07,639 | WARNING | [ALERT] '파일을 찾을 수 없습니다.' -> 자동확인
2025-12-06 17:51:07,960 | INFO | [시도] 2998/3000
2025-12-06 17:51:08,478 | WARNING | [ALERT] '파일을 찾을 수 없습니다.' -> 자동확인
2025-12-06 17:51:08,800 | INFO | [시도] 2999/3000
2025-12-06 17:51:09,319 | WARNING | [ALERT] '파일을 찾을 수 없습니다.' -> 자동확인
2025-12-06 17:51:09,639 | INFO | [시도] 3000/3000
2025-12-06 17:51:10,143 | WARNING | [ALERT] '파일을 찾을 수 없습니다.' -> 자동확인
2025-12-06 17:51:10,456 | INFO | === 다운로드 루프 종료 ===
2025-12-06 17:51:10,457 | WARNING | 실패 연도 (1097개): [0, 70, 400, 500, 505, 538, 661, 662, 663, 664, 665, 666, 667, 668, 994, 995, 996, 997, 998, 999, 1001, 1017, 1019, 1020, 1056, 1071, 1077, 1122, 1123, 1124, 1136, 1161, 1190, 1191, 1192, 1193, 1194, 1231, 1238, 1246, 1248, 1249, 1251, 1254, 1259, 1262, 1263, 1271, 1272, 1273, 1279, 1280, 1281, 1286, 1287, 1320, 1333, 1336, 1348, 1350, 1374, 1376, 1377, 1378, 1379, 1380, 1398, 1412, 1413, 1449, 1468, 1486, 1487, 1493, 1504, 1505, 1506, 1507, 1540, 1541, 1542, 1547, 1548, 1549, 1561, 1565, 1573, 1574, 1606, 1607, 1613, 1614, 1615, 1616, 1617, 1620, 1627, 1628, 1641, 1675, 1690, 1699, 1700, 1731, 1733, 1734, 1740, 1741, 1756, 1757, 1764, 1765, 1774, 1775, 1778, 1783, 1789, 1813, 1816, 1817, 1821, 1853, 1854, 1855, 1859, 1868, 1874, 1903, 1910, 1924, 1953, 1963, 1974, 2037, 2038, 2039, 2040, 2041, 2042, 2043, 2044, 2045, 2046, 2047, 2048, 2049, 2050, 2051, 2052, 2053, 2054, 2055, 2056, 2057, 2058, 2059, 2060, 2061, 2062, 2063, 2064, 2065, 2066, 2067, 2068, 2069, 2070, 2071, 2072, 2073, 2074, 2075, 2076, 2077, 2078, 2079, 2080, 2081, 2082, 2083, 2084, 2085, 2086, 2087, 2088, 2089, 2090, 2091, 2092, 2093, 2094, 2095, 2096, 2097, 2098, 2099, 2100, 2101, 2102, 2103, 2104, 2105, 2106, 2107, 2108, 2109, 2110, 2111, 2112, 2113, 2114, 2115, 2116, 2117, 2118, 2119, 2120, 2121, 2122, 2123, 2124, 2125, 2126, 2127, 2128, 2129, 2130, 2131, 2132, 2133, 2134, 2135, 2136, 2137, 2138, 2139, 2140, 2141, 2142, 2143, 2144, 2145, 2146, 2147, 2148, 2149, 2150, 2151, 2152, 2153, 2154, 2155, 2156, 2157, 2158, 2159, 2160, 2161, 2162, 2163, 2164, 2165, 2166, 2167, 2168, 2169, 2170, 2171, 2172, 2173, 2174, 2175, 2176, 2177, 2178, 2179, 2180, 2181, 2182, 2183, 2184, 2185, 2186, 2187, 2188, 2189, 2190, 2191, 2192, 2193, 2194, 2195, 2196, 2197, 2198, 2199, 2200, 2201, 2202, 2203, 2204, 2205, 2206, 2207, 2208, 2209, 2210, 2211, 2212, 2213, 2214, 2215, 2216, 2217, 2218, 2219, 2220, 2221, 2222, 2223, 2224, 2225, 2226, 2227, 2228, 2229, 2230, 2231, 2232, 2233, 2234, 2235, 2236, 2237, 2238, 2239, 2240, 2241, 2242, 2243, 2244, 2245, 2246, 2247, 2248, 2249, 2250, 2251, 2252, 2253, 2254, 2255, 2256, 2257, 2258, 2259, 2260, 2261, 2262, 2263, 2264, 2265, 2266, 2267, 2268, 2269, 2270, 2271, 2272, 2273, 2274, 2275, 2276, 2277, 2278, 2279, 2280, 2281, 2282, 2283, 2284, 2285, 2286, 2287, 2288, 2289, 2290, 2291, 2292, 2293, 2294, 2295, 2296, 2297, 2298, 2299, 2300, 2301, 2302, 2303, 2304, 2305, 2306, 2307, 2308, 2309, 2310, 2311, 2312, 2313, 2314, 2315, 2316, 2317, 2318, 2319, 2320, 2321, 2322, 2323, 2324, 2325, 2326, 2327, 2328, 2329, 2330, 2331, 2332, 2333, 2334, 2335, 2336, 2337, 2338, 2339, 2340, 2341, 2342, 2343, 2344, 2345, 2346, 2347, 2348, 2349, 2350, 2351, 2352, 2353, 2354, 2355, 2356, 2357, 2358, 2359, 2360, 2361, 2362, 2363, 2364, 2365, 2366, 2367, 2368, 2369, 2370, 2371, 2372, 2373, 2374, 2375, 2376, 2377, 2378, 2379, 2380, 2381, 2382, 2383, 2384, 2385, 2386, 2387, 2388, 2389, 2390, 2391, 2392, 2393, 2394, 2395, 2396, 2397, 2398, 2399, 2400, 2401, 2402, 2403, 2404, 2405, 2406, 2407, 2408, 2409, 2410, 2411, 2412, 2413, 2414, 2415, 2416, 2417, 2418, 2419, 2420, 2421, 2422, 2423, 2424, 2425, 2426, 2427, 2428, 2429, 2430, 2431, 2432, 2433, 2434, 2435, 2436, 2437, 2438, 2439, 2440, 2441, 2442, 2443, 2444, 2445, 2446, 2447, 2448, 2449, 2450, 2451, 2452, 2453, 2454, 2455, 2456, 2457, 2458, 2459, 2460, 2461, 2462, 2463, 2464, 2465, 2466, 2467, 2468, 2469, 2470, 2471, 2472, 2473, 2474, 2475, 2476, 2477, 2478, 2479, 2480, 2481, 2482, 2483, 2484, 2485, 2486, 2487, 2488, 2489, 2490, 2491, 2492, 2493, 2494, 2495, 2496, 2497, 2498, 2499, 2500, 2501, 2502, 2503, 2504, 2505, 2506, 2507, 2508, 2509, 2510, 2511, 2512, 2513, 2514, 2515, 2516, 2517, 2518, 2519, 2520, 2521, 2522, 2523, 2524, 2525, 2526, 2527, 2528, 2529, 2530, 2531, 2532, 2533, 2534, 2535, 2536, 2537, 2538, 2539, 2540, 2541, 2542, 2543, 2544, 2545, 2546, 2547, 2548, 2549, 2550, 2551, 2552, 2553, 2554, 2555, 2556, 2557, 2558, 2559, 2560, 2561, 2562, 2563, 2564, 2565, 2566, 2567, 2568, 2569, 2570, 2571, 2572, 2573, 2574, 2575, 2576, 2577, 2578, 2579, 2580, 2581, 2582, 2583, 2584, 2585, 2586, 2587, 2588, 2589, 2590, 2591, 2592, 2593, 2594, 2595, 2596, 2597, 2598, 2599, 2600, 2601, 2602, 2603, 2604, 2605, 2606, 2607, 2608, 2609, 2610, 2611, 2612, 2613, 2614, 2615, 2616, 2617, 2618, 2619, 2620, 2621, 2622, 2623, 2624, 2625, 2626, 2627, 2628, 2629, 2630, 2631, 2632, 2633, 2634, 2635, 2636, 2637, 2638, 2639, 2640, 2641, 2642, 2643, 2644, 2645, 2646, 2647, 2648, 2649, 2650, 2651, 2652, 2653, 2654, 2655, 2656, 2657, 2658, 2659, 2660, 2661, 2662, 2663, 2664, 2665, 2666, 2667, 2668, 2669, 2670, 2671, 2672, 2673, 2674, 2675, 2676, 2677, 2678, 2679, 2680, 2681, 2682, 2683, 2684, 2685, 2686, 2687, 2688, 2689, 2690, 2691, 2692, 2693, 2694, 2695, 2696, 2697, 2698, 2699, 2700, 2701, 2702, 2703, 2704, 2705, 2706, 2707, 2708, 2709, 2710, 2711, 2712, 2713, 2714, 2715, 2716, 2717, 2718, 2719, 2720, 2721, 2722, 2723, 2724, 2725, 2726, 2727, 2728, 2729, 2730, 2731, 2732, 2733, 2734, 2735, 2736, 2737, 2738, 2739, 2740, 2741, 2742, 2743, 2744, 2745, 2746, 2747, 2748, 2749, 2750, 2751, 2752, 2753, 2754, 2755, 2756, 2757, 2758, 2759, 2760, 2761, 2762, 2763, 2764, 2765, 2766, 2767, 2768, 2769, 2770, 2771, 2772, 2773, 2774, 2775, 2776, 2777, 2778, 2779, 2780, 2781, 2782, 2783, 2784, 2785, 2786, 2787, 2788, 2789, 2790, 2791, 2792, 2793, 2794, 2795, 2796, 2797, 2798, 2799, 2800, 2801, 2802, 2803, 2804, 2805, 2806, 2807, 2808, 2809, 2810, 2811, 2812, 2813, 2814, 2815, 2816, 2817, 2818, 2819, 2820, 2821, 2822, 2823, 2824, 2825, 2826, 2827, 2828, 2829, 2830, 2831, 2832, 2833, 2834, 2835, 2836, 2837, 2838, 2839, 2840, 2841, 2842, 2843, 2844, 2845, 2846, 2847, 2848, 2849, 2850, 2851, 2852, 2853, 2854, 2855, 2856, 2857, 2858, 2859, 2860, 2861, 2862, 2863, 2864, 2865, 2866, 2867, 2868, 2869, 2870, 2871, 2872, 2873, 2874, 2875, 2876, 2877, 2878, 2879, 2880, 2881, 2882, 2883, 2884, 2885, 2886, 2887, 2888, 2889, 2890, 2891, 2892, 2893, 2894, 2895, 2896, 2897, 2898, 2899, 2900, 2901, 2902, 2903, 2904, 2905, 2906, 2907, 2908, 2909, 2910, 2911, 2912, 2913, 2914, 2915, 2916, 2917, 2918, 2919, 2920, 2921, 2922, 2923, 2924, 2925, 2926, 2927, 2928, 2929, 2930, 2931, 2932, 2933, 2934, 2935, 2936, 2937, 2938, 2939, 2940, 2941, 2942, 2943, 2944, 2945, 2946, 2947, 2948, 2949, 2950, 2951, 2952, 2953, 2954, 2955, 2956, 2957, 2958, 2959, 2960, 2961, 2962, 2963, 2964, 2965, 2966, 2967, 2968, 2969, 2970, 2971, 2972, 2973, 2974, 2975, 2976, 2977, 2978, 2979, 2980, 2981, 2982, 2983, 2984, 2985, 2986, 2987, 2988, 2989, 2990, 2991, 2992, 2993, 2994, 2995, 2996, 2997, 2998, 2999, 3000]
2025-12-06 17:51:14,063 | INFO | 드라이버 종료. 스크립트 끝.
